filename,reason,size,subject
image001.png,signature logo,3184,FW: 31 FO LLC 24-73893
image858509.png,signature logo,1249,Re: Fort Hill Sale – Items Requiring Clarification and Confi
image001.jpg,signature logo,10253,RE: 31FO - ATTY/CLIENT
image913995.png,signature logo,1249,31FO - Marie Holdings
image001.jpg,signature logo,10253,Re: 8-24-73893-spg Next steps - distribution to MangoTree pa
image001.jpg,signature logo,10253,Re: 8-24-73893-spg Next steps - distribution to MangoTree pa
image005.gif,signature logo,1290,FW: TRO Presentation - Substantive Consolidation of 25-72526
image568225.png,signature logo,1249,FW: TRO Presentation - Substantive Consolidation of 25-72526
image002.jpg,signature logo,459,FW: TRO Presentation - Substantive Consolidation of 25-72526
image134989.png,signature logo,1249,FW: 8-24-73893-spg Notice of Appeal
image002.png,signature logo,1249,Re: 8-24-73893-spg Generic Order
image507929.png,signature logo,1249,FW: 31FO Closing
image880368.jpg,signature logo,10253,Sarah Drive Case
image546481.jpg,signature logo,10253,"FW:  RE: Case # 25-72526-spg IPA Asset Management, LLC and 2"
image002.png,signature logo,1249,Re: Invoices
image002.png,signature logo,1249,Re: Sarah Drive Case
image322379.jpg,signature logo,10253,IPA (25-72526) and 31FO (24-73893) Hearing on 4/21 - Request
image248640.jpg,signature logo,10253,Re: Monday's Letter for the attorney's
image086515.png,signature logo,1249,Re: 8-25-72526-spg Motion to Appoint Trustee
image228162.png,signature logo,1249,Bill
image160179.jpg,signature logo,10253,RE: Important discrepancy re: judgment indexing – 31FO vs. 3
image802342.png,signature logo,1249,31FO -Atty/Client
image003.png,signature logo,1249,RE: 8-24-73893-spg Order Confirming Chapter 11 Plan
image002.png,signature logo,1249,Re: 8-24-73893-spg Next steps - distribution to MangoTree pa
image026790.png,signature logo,1249,Re: 8-24-73893-spg Next steps - distribution to MangoTree pa
image004.gif,signature logo,859,FW: TRO Presentation - Substantive Consolidation of 25-72526
image002.jpg,signature logo,10253,"FW: Case # 25-72526-spg IPA Asset Management, LLC and 24-738"
image001.jpg,signature logo,10253,Re: 8-24-73893-spg Generic Order
image812594.png,signature logo,1249,31FO
image001.jpg,signature logo,10253,Re: Invoices
image058662.png,signature logo,1249,FW: 8-24-73893-spg Statement
image003.jpg,signature logo,823,Re: IPA
image865386.png,signature logo,1249,IPA
image432862.png,signature logo,1249,Hearing Tomorrow
image135094.png,signature logo,1249,Hall CPA Documents
image001.jpg,signature logo,10253,RE: Chapter 11 vs 7
image808022.jpg,signature logo,10253,"FW: IPA Asset Management, LLC 25-72526"
image978615.png,signature logo,1249,31FO
image062128.jpg,signature logo,10253,Re: Fort Hill Sale – Items Requiring Clarification and Confi
image325011.png,signature logo,1249,RE: Important discrepancy re: judgment indexing – 31FO vs. 3
image948462.png,signature logo,1249,FW: David DeRosa Bankruptcy Proceedings 	IPA ASSET MANAGEMEN
image911708.jpg,signature logo,10253,31FO - Marie Holdings
image053993.jpg,signature logo,10253,"FW: 31FO, LLC- Time of the Essence Closing Demand"
image813100.jpg,signature logo,10253,FW: January 2026 Invoice
image001.jpg,signature logo,2997,FW: TRO Presentation - Substantive Consolidation of 25-72526
image688018.jpg,signature logo,10253,FW: TRO Presentation - Substantive Consolidation of 25-72526
image862750.jpg,signature logo,10253,FW: TRO Presentation - Substantive Consolidation of 25-72526
image865245.png,signature logo,1249,FW: TRO Presentation - Substantive Consolidation of 25-72526
image472602.png,signature logo,1249,FW: 8-24-73893-spg Motion to Authorize/Direct
image001.jpg,signature logo,10253,FW: 516-639-9864
image006.jpg,signature logo,775,"FW: Case # 25-72526-spg IPA Asset Management, LLC and 24-738"
image409618.jpg,signature logo,10253,FW: 31FO Closing
image557332.png,signature logo,1249,Re: 31FO Closing
image779828.jpg,signature logo,10253,31FO
image190824.png,signature logo,1249,"RE: RE: Case # 25-72526-spg IPA Asset Management, LLC and 24"
image328461.png,signature logo,1249,Bill
image921206.jpg,signature logo,10253,Letter to Nash
image001.jpg,signature logo,10253,RE: Letter to Nash
image613002.png,signature logo,1249,Sarah Drive
image577691.jpg,signature logo,10253,FW: FW:
image244873.jpg,signature logo,10253,FW: Fw:
image570882.png,signature logo,1249,RE: 31FO (Fort Hill) – Structured Sale Framework and Conditi
image001.jpg,signature logo,10253,RE: IPA/31FO
image433920.png,signature logo,1249,Candidate
image002.png,signature logo,1249,RE: FW: 8-25-72526-spg Statement
image003.jpg,signature logo,823,RE: Post petition Interest and Legal Fee
image002.png,signature logo,1249,Re: 31FO LLC
image350404.jpg,signature logo,10253,Fwd: 31FO - FROM BH AT HOME
image426757.png,signature logo,1249,31FO - ATTY/CLIENT
image328055.jpg,signature logo,10253,Re: 8-24-73893-spg Next steps - distribution to MangoTree pa
image733614.png,signature logo,1249,"FW:  RE: Case # 25-72526-spg IPA Asset Management, LLC and 2"
image909036.png,signature logo,1249,IPA
image958372.jpg,signature logo,10253,"Mangotree Real Estate Holding, L.P., and"
image001.png,signature logo,3048,FW: Fw:
image562098.jpg,signature logo,10253,FW: Candidate
image003.png,signature logo,19542,FW: Mango/IPA
image002.png,signature logo,1249,RE: Post petition Interest and Legal Fee
image477759.jpg,signature logo,10253,FW: 31FO LLC
image001.jpg,signature logo,10253,RE: 31FO - ATTY/CLIENT
image366553.jpg,signature logo,10253,FW: 8-25-72499-spg Motion to Dismiss Case
image002.png,signature logo,1249,RE: 31FO – Remaining Unresolved Risk Items (Response Due Tod
image002.png,signature logo,1249,RE: 8-24-73893-spg Order Confirming Chapter 11 Plan
image001.jpg,signature logo,2997,FW: TRO Presentation - Substantive Consolidation of 25-72526
image004.gif,signature logo,859,FW: TRO Presentation - Substantive Consolidation of 25-72526
image001.jpg,signature logo,2997,FW: TRO Presentation - Substantive Consolidation of 25-72526
image613990.png,signature logo,1249,31FO
image459513.jpg,signature logo,10253,"Re: 47 Wilson Ave - Expense ledger as of Jan 11, 2024"
image004.jpg,signature logo,2997,"FW: Case # 25-72526-spg IPA Asset Management, LLC and 24-738"
image002.jpg,signature logo,10253,FW: 31FO
image277608.png,signature logo,1249,Re: 31FO - Atty/Client
image256017.png,signature logo,1249,FW: 31FO LLC 24-73893
image001.jpg,signature logo,10253,"RE: Fort Hill / IPA – Consolidated Strategy, Enforcement Act"
image193641.jpg,signature logo,10253,RE: Letter to Nash
image710799.jpg,signature logo,10253,FW: 8-26-08040-spg Complaint
image220462.png,signature logo,1249,FW: 8-25-72526-spg Statement
image511962.png,signature logo,1249,RE:
image657070.jpg,signature logo,10253,31FO
image001.jpg,signature logo,10253,RE: 31FO
image002.png,signature logo,1249,RE: 31FO
image116925.jpg,signature logo,10253,Re: 8-25-72526-spg Motion to Appoint Trustee
image331960.jpg,signature logo,10253,Bill
image519297.jpg,signature logo,10253,RE: Key updates & priorities ahead of Dec 3 hearing
image060911.png,signature logo,1249,FW: 31FO LLC
image870765.png,signature logo,1249,Sarah Drive
image002.png,signature logo,1249,RE: FW: 31FO LLC
image829305.png,signature logo,1249,"FW: 31 Fort Hill, Lloyd Harbor"
image917669.jpg,signature logo,10253,FW: 8-25-72499-spg Motion to Dismiss Case
image002.png,signature logo,1249,Re: 8-24-73893-spg Next steps - distribution to MangoTree pa
image003.jpg,signature logo,775,FW: TRO Presentation - Substantive Consolidation of 25-72526
image150820.png,signature logo,1249,"Re: 47 Wilson Ave - Expense ledger as of Jan 11, 2024"
image001.png,signature logo,20008,31FO
image803820.jpg,signature logo,10253,Re: 31FO Closing
image497810.jpg,signature logo,10253,31FO
image250983.png,signature logo,1249,Re: USBC-EDNY eCourt Appearances Hearing Information
image226834.png,signature logo,1249,FW: 8-24-73893-spg Motion to Convert Case Chapter 11 to 7
image001.png,signature logo,3184,FW: FW:
image208817.png,signature logo,1249,FW: FW:
image001.jpg,signature logo,11290,Mango - Bill
image151790.jpg,signature logo,10253,Service Invoices
image884730.png,signature logo,1249,FW: IP&E Holdings v. MangoTree/Opportunity Zone
image464166.png,signature logo,1249,FW: MangoTree
image781266.jpg,signature logo,10253,FW: 8-24-73893-spg Order Confirming Chapter 11 Plan
image177948.png,signature logo,1249,FW: 8-24-73893-spg Order Confirming Chapter 11 Plan
image005.gif,signature logo,1290,RE: SCHEDULING ORDERS - 1/16/26 at 11am - Case # 25-72526-sp
image494317.jpg,signature logo,10253,RE: SCHEDULING ORDERS - 1/16/26 at 11am - Case # 25-72526-sp
image755525.png,signature logo,1249,"FW:  RE: Case # 25-72526-spg IPA Asset Management, LLC and 2"
image002.png,signature logo,1249,RE: MangoTree LP Update – Draft for Your Review - please tre
image001.jpg,signature logo,10253,Re: Sarah Drive Case
image147182.png,signature logo,1249,"Mangotree Real Estate Holding, L.P., and"
image206504.jpg,signature logo,10253,31FO - Atty/Client
image141925.jpg,signature logo,10253,Hearing Tomorrow
image395722.jpg,signature logo,10253,FW: 8-25-72526-spg Statement
image131930.png,signature logo,1249,FW: Fw:
image388774.png,signature logo,1249,FW: Fw:
image248640.jpg,signature logo,10253,Re: Monday's Letter for the attorney's
image855502.jpg,signature logo,10253,RE: 31FO (Fort Hill) – Structured Sale Framework and Conditi
image162906.png,signature logo,1249,FW: 8-25-72526-spg Generic Order
image466418.jpg,signature logo,10253,FW: 8-25-72526-spg Statement
image002.png,signature logo,1249,RE: Service Invoices
image255448.png,signature logo,1249,FW: 8-25-72499-spg Motion to Dismiss Case
image409824.png,signature logo,1249,Re: Important discrepancy re: judgment indexing – 31FO vs. 3
image001.jpg,signature logo,10253,RE: 31FO – Remaining Unresolved Risk Items (Response Due Tod
image094220.jpg,signature logo,10253,31FO -Atty/Client
image001.png,signature logo,3184,"FW: 31FO, LLC- Time of the Essence Closing Demand"
image001.jpg,signature logo,10253,RE: 31FO - Atty/Client
image002.jpg,signature logo,459,FW: TRO Presentation - Substantive Consolidation of 25-72526
image006.png,signature logo,3184,31FO
image001.jpg,signature logo,10253,RE: Fort Hill Closing
image002.png,signature logo,1249,RE: Fort Hill Closing
image002.png,signature logo,1249,"RE: Case # 25-72526-spg IPA Asset Management, LLC and 24-738"
image001.jpg,signature logo,10253,Re: 31FO Closing
image608012.jpg,signature logo,10253,"RE: RE: Case # 25-72526-spg IPA Asset Management, LLC and 24"
image193120.jpg,signature logo,10253,Re: UNDER POTENTIAL SEAL
image202141.png,signature logo,1249,Re: UNDER POTENTIAL SEAL
image193120.jpg,signature logo,10253,Re: UNDER POTENTIAL SEAL
image690635.jpg,signature logo,10253,Bill
image001.jpg,signature logo,10253,RE: MangoTree LP Update – Draft for Your Review - please tre
image001.png,signature logo,3184,FW: 31FO LLC 24-73893
image001.jpg,signature logo,10253,RE: Fort Hill / DeRosa – Strategic Direction and Timeline
image004.jpg,signature logo,10253,Re: IPA
image307755.jpg,signature logo,10253,IPA Asset Management
image020119.jpg,signature logo,10253,Re: Monday's Letter for the attorney's
image718899.png,signature logo,1249,Re: Monday's Letter for the attorney's
image399398.jpg,signature logo,10253,IPA/31FO
image562098.jpg,signature logo,10253,Candidate
image408338.png,signature logo,1249,Bill
image001.jpg,signature logo,11290,Mango/IPA (Open Issues)
image678782.png,signature logo,1249,RE: Please share your mobile number
image902867.jpg,signature logo,10253,FW: 8-24-73893-spg Amended Disclosure Statement
image399476.png,signature logo,1249,FW: 8-24-73893-spg Amended Chapter 11 Plan
image001.jpg,signature logo,10253,RE: FW: 31FO LLC
image122197.jpg,signature logo,10253,FW: David DeRosa Bankruptcy Proceedings 	IPA ASSET MANAGEMEN
image912727.png,signature logo,1249,"FW: 31FO, LLC- Time of the Essence Closing Demand"
image623735.jpg,signature logo,10253,31FO
image268766.jpg,signature logo,10253,FW: January 2026 Invoice
image425183.jpg,signature logo,10253,FW: 8-24-73893-spg Motion to Substantively Consolidate
image339698.jpg,signature logo,10253,FW: TRO Presentation - Substantive Consolidation of 25-72526
image003.jpg,signature logo,775,RE: SCHEDULING ORDERS - 1/16/26 at 11am - Case # 25-72526-sp
image442589.png,signature logo,1249,31FO
image051382.jpg,signature logo,10253,FW: 31FO Closing
image015520.jpg,signature logo,10253,Re: 31FO Closing
image557332.png,signature logo,1249,Re: 31FO Closing
image002.png,signature logo,1249,Re: 31FO Closing
image193120.jpg,signature logo,10253,FW: UNDER POTENTIAL SEAL
image915470.jpg,signature logo,10253,31FO - Atty/Client
image277608.png,signature logo,1249,31FO - Atty/Client
image428435.png,signature logo,1249,31FO
image366204.png,signature logo,1249,FW: 8-26-08040-spg Complaint
image001.jpg,signature logo,10253,RE: 31FO - Atty/Client
image932701.jpg,signature logo,10253,FW: 8-24-73893-spg Motion to Convert Case Chapter 11 to 7
image718899.png,signature logo,1249,Re: Monday's Letter for the attorney's
image003.png,signature logo,310821,Mango/IPA - (David's criminal background)
image001.png,signature logo,3184,FW: 31FO LLC
image001.jpg,signature logo,10253,Re: 31FO LLC
image003.png,signature logo,3184,Re: 31FO LLC
image367225.png,signature logo,1249,FW: 31 FO LLC 24-73893
image559776.png,signature logo,1249,Fwd: IP&E Holdings v. MangoTree/Opportunity Zone
image858509.png,signature logo,1249,Re: Fort Hill Sale – Items Requiring Clarification and Confi
image858509.png,signature logo,1249,Re: Fort Hill Sale – Items Requiring Clarification and Confi
image466651.png,signature logo,1249,Fwd: 31FO - FROM BH AT HOME
image886570.png,signature logo,1249,FW: 8-24-73893-spg Objection
image301432.png,signature logo,1249,31FO
image001.jpg,signature logo,10253,RE: 31FO – Remaining Unresolved Risk Items (Response Due Tod
image001.jpg,signature logo,10253,RE: 31FO – Remaining Unresolved Risk Items (Response Due Tod
image123852.jpg,signature logo,10253,31FO
image001.jpg,signature logo,10253,RE: 31FO - Atty/Client
image003.jpg,signature logo,775,FW: TRO Presentation - Substantive Consolidation of 25-72526
image004.gif,signature logo,859,FW: TRO Presentation - Substantive Consolidation of 25-72526
image001.png,signature logo,6398,"FW: Case # 25-72526-spg IPA Asset Management, LLC and 24-738"
image008.gif,signature logo,1290,"FW: Case # 25-72526-spg IPA Asset Management, LLC and 24-738"
image993076.png,signature logo,1249,Sarah Drive Case
image044029.jpg,signature logo,10253,31FO
image678410.jpg,signature logo,10253,RE: Fort Hill / DeRosa – Strategic Direction and Timeline
image002.png,signature logo,1249,"RE: Fort Hill / IPA – Consolidated Strategy, Enforcement Act"
image709282.png,signature logo,1249,RE: Letter to Nash
image002.png,signature logo,1249,RE: 31FO - Atty/Client
image237875.jpg,signature logo,10253,Hall CPA Documents
image002.png,signature logo,1249,RE: IPA/31FO
image512355.jpg,signature logo,10253,FW: 8-25-72526-spg Generic Order
image001.jpg,signature logo,10253,RE: Post petition Interest and Legal Fee
image001.jpg,signature logo,10253,RE: Service Invoices
image093510.jpg,signature logo,10253,FW: 31 FO LLC 24-73893
image002.png,signature logo,1249,RE: 31FO - ATTY/CLIENT
image014038.png,signature logo,1249,31FO
image764346.jpg,signature logo,10253,"RE: IPA vs Emilia Pace - 145 Hunters Drive, Syosset NY 11791"
image002.png,signature logo,1249,RE: 8-24-73893-spg Order Confirming Chapter 11 Plan
image549439.png,signature logo,1249,FW: January 2026 Invoice
image583285.png,signature logo,1249,FW: TRO Presentation - Substantive Consolidation of 25-72526
image729131.jpg,signature logo,10253,FW: 8-24-73893-spg Generic Order
image001.jpg,signature logo,10253,Re: 31FO Closing
image141360.jpg,signature logo,10253,FW: 31FO LLC 24-73893
image310353.png,signature logo,1249,RE: Fort Hill / DeRosa – Strategic Direction and Timeline
image002.png,signature logo,1249,RE: Fort Hill / DeRosa – Strategic Direction and Timeline
image231297.png,signature logo,1249,31FO - Atty/Client
image231297.png,signature logo,1249,Fwd: 31FO - Atty/Client
image005.png,signature logo,1249,Re: IPA
image002.png,signature logo,1249,RE: 31FO
image004.png,signature logo,27401,FW: Mango/IPA
image001.jpg,signature logo,11290,"FW: 294 Leaf Ave, Central Islip"
image134763.jpg,signature logo,10253,FW: 8-24-73893-spg Amended Chapter 11 Plan
image683150.png,signature logo,1249,RE: Key updates & priorities ahead of Dec 3 hearing
image788772.png,signature logo,1249,FW: 8-24-73893-spg Amended Disclosure Statement
image296249.jpg,signature logo,10253,31FO - ATTY/CLIENT
image001.jpg,signature logo,10253,RE: 31FO - ATTY/CLIENT
image416776.jpg,signature logo,10253,FW: 8-24-73893-spg Objection
image001.jpg,signature logo,823,RE: 8-24-73893-spg Order Confirming Chapter 11 Plan
image002.jpg,signature logo,10253,RE: 8-24-73893-spg Order Confirming Chapter 11 Plan
image002.jpg,signature logo,459,FW: TRO Presentation - Substantive Consolidation of 25-72526
image450106.jpg,signature logo,10253,FW: 8-24-73893-spg Motion to Authorize/Direct
image964186.jpg,signature logo,10253,31FO
image003.jpg,signature logo,823,RE: Fort Hill Closing
image684058.png,signature logo,1249,Bill
image083418.png,signature logo,1249,FW: 8-24-73893-spg Generic Order
image674779.png,signature logo,1249,FW: 31FO Closing
image202141.png,signature logo,1249,Re: UNDER POTENTIAL SEAL
image915470.jpg,signature logo,10253,Re: 31FO - Atty/Client
image896730.png,signature logo,1249,31FO
image001.jpg,signature logo,10253,Re: Sarah Drive Case
image153582.jpg,signature logo,10253,Complaint and Motion
image316159.jpg,signature logo,10253,IPA
image073828.png,signature logo,1249,IPA (25-72526) and 31FO (24-73893) Hearing on 4/21 - Request
image944284.png,signature logo,1249,IPA/31FO
image908929.png,signature logo,1249,"Mangotree Real Estate Holding, L.P., and"
image001.jpg,signature logo,10253,RE: 31FO/IPA Terms - Atty/Client
image400920.png,signature logo,1249,31FO
image002.png,signature logo,1249,"RE: FW: IPA Asset Management, LLC 25-72526"
image002.jpg,signature logo,11290,FW: Mango/IPA
image001.jpg,signature logo,11290,RE: Mango/IPA - Ruby
image001.jpg,signature logo,11290,Mango/IPA - (David's criminal background)
image062128.jpg,signature logo,10253,Re: Fort Hill Sale – Items Requiring Clarification and Confi
image001.jpg,signature logo,10253,RE: 31FO - ATTY/CLIENT
image002.png,signature logo,1249,RE: 31FO – Remaining Unresolved Risk Items (Response Due Tod
image002.png,signature logo,1249,RE: 31FO – Remaining Unresolved Risk Items (Response Due Tod
image001.jpg,signature logo,10253,RE: 8-24-73893-spg Order Confirming Chapter 11 Plan
image003.jpg,signature logo,775,FW: TRO Presentation - Substantive Consolidation of 25-72526
image004.gif,signature logo,859,RE: SCHEDULING ORDERS - 1/16/26 at 11am - Case # 25-72526-sp
image003.png,signature logo,1249,"FW: Case # 25-72526-spg IPA Asset Management, LLC and 24-738"
image002.png,signature logo,1249,Re: 31FO Closing
image015520.jpg,signature logo,10253,Re: 31FO Closing
image117530.jpg,signature logo,10253,"FW:  RE: Case # 25-72526-spg IPA Asset Management, LLC and 2"
image002.png,signature logo,1249,Re: Sarah Drive Case
image414385.jpg,signature logo,10253,IPA
image002.png,signature logo,1249,RE: Chapter 11 vs 7
image939039.jpg,signature logo,10253,"Mangotree Real Estate Holding, L.P., and"
image433920.png,signature logo,1249,FW: Candidate
image001.jpg,signature logo,10253,RE: 31FO
image858509.png,signature logo,1249,Re: Fort Hill Sale – Items Requiring Clarification and Confi
image563667.jpg,signature logo,10253,31FO
image002.png,signature logo,1249,RE: 31FO – Remaining Unresolved Risk Items (Response Due Tod
image945829.png,signature logo,1249,31FO
image002.png,signature logo,1249,RE: 31FO - Atty/Client
image782582.png,signature logo,1249,FW: 8-24-73893-spg  Docket Entry #131 has been updated
image440945.jpg,signature logo,10253,FW: 8-24-73893-spg Notice of Appeal
image002.jpg,signature logo,459,RE: SCHEDULING ORDERS - 1/16/26 at 11am - Case # 25-72526-sp
image002.png,signature logo,1249,Re: 31FO Closing
image189394.jpg,signature logo,10253,Re: USBC-EDNY eCourt Appearances Hearing Information
image662128.jpg,signature logo,10253,FW: 8-24-73893-spg Statement
image074444.png,signature logo,3184,FW: Fw:
image001.jpg,signature logo,10253,"RE: FW: IPA Asset Management, LLC 25-72526"
image241123.jpg,signature logo,10253,RE: Please share your mobile number
image834237.png,signature logo,1249,Service Invoices
image666603.jpg,signature logo,10253,Bill
image390429.jpg,signature logo,10253,FW: IP&E Holdings v. MangoTree/Opportunity Zone
image062128.jpg,signature logo,10253,Re: Fort Hill Sale – Items Requiring Clarification and Confi
image002.png,signature logo,1249,RE: 31FO - ATTY/CLIENT
image002.png,signature logo,1249,RE: 31FO - ATTY/CLIENT
image002.png,signature logo,1249,RE: 31FO - ATTY/CLIENT
image181592.png,signature logo,1249,FW: 8-25-72499-spg Motion to Dismiss Case
image394275.png,signature logo,1249,"RE: IPA vs Emilia Pace - 145 Hunters Drive, Syosset NY 11791"
image001.jpg,signature logo,10253,RE: 8-24-73893-spg Order Confirming Chapter 11 Plan
image916330.png,signature logo,1249,FW: 8-24-73893-spg Motion to Substantively Consolidate
image005.gif,signature logo,1290,FW: TRO Presentation - Substantive Consolidation of 25-72526
image005.gif,signature logo,1290,FW: TRO Presentation - Substantive Consolidation of 25-72526
image914843.jpg,signature logo,10253,FW: 8-24-73893-spg  Docket Entry #131 has been updated
image587802.png,signature logo,1249,RE: SCHEDULING ORDERS - 1/16/26 at 11am - Case # 25-72526-sp
image002.png,signature logo,1249,FW: 516-639-9864
image700678.jpg,signature logo,10253,Bill
image005.jpg,signature logo,459,"FW: Case # 25-72526-spg IPA Asset Management, LLC and 24-738"
image007.gif,signature logo,859,"FW: Case # 25-72526-spg IPA Asset Management, LLC and 24-738"
image780236.jpg,signature logo,10253,31FO
image092224.png,signature logo,1249,Re: 31FO Closing
image003.png,signature logo,1249,FW: 31FO
image202141.png,signature logo,1249,FW: UNDER POTENTIAL SEAL
image799588.png,signature logo,1249,Letter to Nash
image669116.png,signature logo,1249,Complaint and Motion
image219380.jpg,signature logo,10253,Sarah Drive
image327370.jpg,signature logo,10253,FW: Fw:
image934689.png,signature logo,1249,IPA Asset Management
image871351.png,signature logo,1249,Re: Monday's Letter for the attorney's
image648448.jpg,signature logo,10253,RE:
image476701.jpg,signature logo,10253,31FO
image505001.png,signature logo,1249,FW: 8-25-72526-spg Statement
image001.png,signature logo,23910,FW: Mango/IPA
image002.png,signature logo,163785,Mango/IPA - (David's criminal background)
image311866.jpg,signature logo,10253,Sarah Drive
image003.png,signature logo,3184,RE: FW: 31FO LLC
image071599.jpg,signature logo,10253,Fwd: IP&E Holdings v. MangoTree/Opportunity Zone
image156160.jpg,signature logo,10253,"FW: 31 Fort Hill, Lloyd Harbor"
image062128.jpg,signature logo,10253,Re: Fort Hill Sale – Items Requiring Clarification and Confi
image638412.jpg,signature logo,10253,Re: Important discrepancy re: judgment indexing – 31FO vs. 3
image001.jpg,signature logo,10253,RE: 31FO – Remaining Unresolved Risk Items (Response Due Tod
image002.png,signature logo,1249,RE: 31FO - Atty/Client
image644936.jpg,signature logo,10253,FW: MangoTree
image276351.png,signature logo,1249,FW: January 2026 Invoice
image001.jpg,signature logo,2997,RE: SCHEDULING ORDERS - 1/16/26 at 11am - Case # 25-72526-sp
image009.png,signature logo,3184,"FW: Case # 25-72526-spg IPA Asset Management, LLC and 24-738"
image001.jpg,signature logo,10253,"RE: Case # 25-72526-spg IPA Asset Management, LLC and 24-738"
image001.jpg,signature logo,10253,Re: 31FO Closing
image004.png,signature logo,20008,FW: 31FO
image002.png,signature logo,1249,RE: Letter to Nash
image206504.jpg,signature logo,10253,Fwd: 31FO - Atty/Client
image001.png,signature logo,3048,FW: Fw:
image683231.png,signature logo,3184,FW: Fw:
image002.png,signature logo,1249,RE: 31FO/IPA Terms - Atty/Client
image996654.png,signature logo,1249,"FW: IPA Asset Management, LLC 25-72526"
image905761.jpg,signature logo,10253,31FO
image829289.png,signature logo,1249,31FO
image001.jpg,signature logo,10253,RE: FW: 8-25-72526-spg Statement
image003.png,signature logo,19542,RE: Mango/IPA
image004.png,signature logo,27401,RE: Mango/IPA
image004.jpg,signature logo,7074,RE: NAM SECURE: RE: NAM Case: 1000253130 - BRIAN SCHUMAN; NO
image001.png,signature logo,27401,FW: Mango Tree and IPA/DeRosa  Invoices
image001.png,signature logo,6679,RE: IPA/MT - PRIVILEGED & CONFIDENTIAL
image001.png,signature logo,19542,RE: IPA/MT - PRIVILEGED & CONFIDENTIAL
image002.jpg,signature logo,513,FW: Meeting w/Suffolk County District Attorney
image002.png,signature logo,22084,FW: Meeting w/Suffolk County District Attorney
image001.jpg,signature logo,6337,RE: Wire from IPA
image001.jpg,signature logo,11290,RE: 115 Patton
image001.jpg,signature logo,93812,"RE: 147 Eagle Hill Ct, Middle Island"
image001.jpg,signature logo,11290,RE: MangoTree Investment and Rent report
image001.jpg,signature logo,11290,RE: 5161 Granny White Pike
image001.jpg,signature logo,19129,FW: NAM SECURE: RE: NAM Case: 1000253130 - BRIAN SCHUMAN; NO
image002.jpg,signature logo,26171,FW: IPA/MT - PRIVILEGED & CONFIDENTIAL
image001.jpg,signature logo,6337,RE: Check request
CID-198d2202-d02c-09c1-0576-24e394fa7ee5@RSL0COPITRAK.gif,inline graphic / calendar / signature,16906,Mango/IPA - Mediator Fee
image001.png,signature logo,36016,Mango/IPA
image002.png,signature logo,8798,RE: Mango/IPA - Master Sheet
image002.jpg,signature logo,11290,RE: Mango/IPA
image001.jpg,signature logo,11290,Mango/IPA
image001.jpg,signature logo,11290,FW: 31 Pineview
image001.jpg,signature logo,11290,FW: Mango/IPA (RE: 31 Pineview)
image002.jpg,signature logo,77926,"RE: 147 Eagle Hill Ct, Middle Island"
image001.jpg,signature logo,19129,RE: NAM SECURE: RE: NAM Case: 1000253130 - BRIAN SCHUMAN; NO
image001.png,signature logo,19542,FW: MangoTree/IPA
image001.png,signature logo,19542,FW: RE: NAM Case: 1000253130 - BRIAN SCHUMAN et al. v. DAVID
image002.jpg,signature logo,513,RE: Rakesh Bhargava / Mangotree 
image674082.jpg,signature logo,10253,FW: Bill
image001.png,signature logo,27401,RE: Mango Tree Mediation
image001.jpg,signature logo,823,"RE: MangoTree, et al. v. IPA, et a."
image002.jpg,signature logo,459,FW: MangoTree v DeRosa
image001.jpg,signature logo,11290,RE: 115 Patton letter from the agency
image001.jpg,signature logo,11290,RE: Backup and supporting documents
image001.jpg,signature logo,11290,Mango/IPA -- FW: FW: Expenses
image001.jpg,signature logo,11290,FW: 2153 Campbell
image001.png,signature logo,27401,FW: Mango Tree
image001.png,signature logo,19542,RE: MangoTree/IPA
image002.png,signature logo,19542,RE: MangoTree/IPA
image001.png,signature logo,30588,RE: Nashville
image001.png,signature logo,27401,RE: FW: Mango Tree- Partial Response to MT's proposal
image002.png,signature logo,17208,Mango/IPA - 
image001.png,signature logo,19542,FW: IPA/MT - PRIVILEGED & CONFIDENTIAL
image001.png,signature logo,22084,RE: Meeting w/Suffolk County District Attorney
image001.png,signature logo,8798,Mango/IPA - Master Sheet
image005.gif,signature logo,1290,FW: MangoTree v DeRosa
image004.png,signature logo,27401,RE: Mango/IPA
image001.jpg,signature logo,11290,RE: Properties that IPA has provided information
image006.png,signature logo,19542,RE: Mango/IPA
image002.jpg,signature logo,11290,RE: Mango/IPA
image001.jpg,signature logo,74269,"FW: 20 Whitman Ave, Islip"
image003.jpg,signature logo,7186,RE: NAM SECURE: RE: NAM Case: 1000253130 - BRIAN SCHUMAN; NO
image001.png,signature logo,19542,RE: MangoTree/IPA - update from Feb 1st email
image001.png,signature logo,22084,FW: Rakesh Bhargava / Mangotree 
image001.png,signature logo,27401,FW: Mango/IPA
image001.jpg,signature logo,6337,RE: Mango/IPA
image002.jpg,signature logo,513,RE: Meeting w/Suffolk County District Attorney
image001.jpg,signature logo,6337,RE: FW: Fwd:
image001.png,signature logo,20761,FW: Meeting w/Suffolk County District Attorney
image001.png,signature logo,178,RE: Mango/IPA - Master Sheet
image005.png,signature logo,23910,RE: Mango/IPA
image001.jpg,signature logo,11290,RE: Backup and supporting documents
image001.jpg,signature logo,11290,RE: Mango/IPA (RE: 31 Pineview)
image001.png,signature logo,27401,FW: Saxena-Property In Nashville TN
image001.png,signature logo,19542,RE: Mango Tree   DeRosa proposal
image001.png,signature logo,27401,RE: Mango/IPA
image002.png,signature logo,6679,RE: Mango Tree Mediation
image001.png,signature logo,6679,RE: IPA/MT - PRIVILEGED & CONFIDENTIAL
image002.jpg,signature logo,26124,FW: IPA/MT - PRIVILEGED & CONFIDENTIAL
image001.png,signature logo,8798,RE: Mango/IPA - Master Sheet
image002.jpg,signature logo,459,FW: MangoTree v DeRosa
image005.gif,signature logo,1290,FW: MangoTree v DeRosa
image001.png,signature logo,23910,RE: Mango/IPA
image001.jpg,signature logo,11290,Mango/IPA
image001.jpg,signature logo,11290,RE: Mango/IPA
image001.jpg,signature logo,11290,Mango/IPA -- 2153 Campbell Ave Schenectady 
image001.jpg,signature logo,11290,FW: 35 Dogwood
image450017.png,signature logo,1249,FW: Bill
image001.png,signature logo,19542,RE: FW: Mango Tree Mediation
image001.jpg,signature logo,6337,RE: C MangoTree Property Schedule for year 2020 - %age Owner
image003.jpg,signature logo,775,FW: MangoTree v DeRosa
image001.jpg,signature logo,6337,RE: Mango/IPA
image001.jpg,signature logo,6337,RE: Mango/IPA
image001.jpg,signature logo,6337,RE: Presentation
image001.jpg,signature logo,11290,See attached.
image001.jpg,signature logo,11290,FW: Backup
image002.png,signature logo,19542,RE: Mango/IPA
image001.png,signature logo,23910,RE: Mango/IPA
image001.jpg,signature logo,11290,DO you want to speak privately for a moment?
image003.png,signature logo,4743,RE: Mango/IPA
image001.jpg,signature logo,11290,(Mango/IPA) RE: Properties sold in 2020
image001.jpg,signature logo,11290,FW: 2153 Campbell
image001.png,signature logo,23910,FW: MangoTree/IPA
image001.png,signature logo,19542,FW: Mango Tree  Mediation
image002.jpg,signature logo,26124,FW: IPA/MT - PRIVILEGED & CONFIDENTIAL
image001.jpg,signature logo,6337,RE: Re:
image001.jpg,signature logo,6337,RE: Mango (Suffolk County DA)
image001.jpg,signature logo,2997,FW: MangoTree v DeRosa
image005.gif,signature logo,1290,FW: MangoTree v DeRosa
image001.jpg,signature logo,6337,RE: Last mediation
image001.jpg,signature logo,6337,RE: Mango/IPA
CID-e17ffcbb-bf79-f2cd-8303-2863c1e00c13@RSL0COPITRAK.gif,inline graphic / calendar / signature,4298,Mango/IPA - Mediator Fee
image001.jpg,signature logo,11290,Mango/IPA (Mediation)
image001.jpg,signature logo,11290,Leaf
image001.jpg,signature logo,11290,RE: 
image001.jpg,signature logo,11290,RE: Re: Mango/IPA
image002.png,signature logo,19542,RE: Re: Mango/IPA
image001.png,signature logo,22084,RE: Rakesh Bhargava / Mangotree 
image001.png,signature logo,19542,RE: FW: Mango Tree Mediation
image001.png,signature logo,19542,RE: IPA/MT - PRIVILEGED & CONFIDENTIAL
image001.jpg,signature logo,6337,RE: C MangoTree Property Schedule for year 2020 - %age Owner
image003.jpg,signature logo,775,FW: MangoTree v DeRosa
image004.gif,signature logo,859,FW: MangoTree v DeRosa
image001.png,signature logo,178,RE: Mango/IPA - Master Sheet
image001.jpg,signature logo,11290,FW: 
image002.jpg,signature logo,7179,RE: NAM SECURE: RE: NAM Case: 1000253130 - BRIAN SCHUMAN; NO
image001.png,signature logo,19542,FW: IPA/MT - PRIVILEGED & CONFIDENTIAL
image002.jpg,signature logo,26171,RE: IPA/MT - PRIVILEGED & CONFIDENTIAL
image003.jpg,signature logo,513,FW: Meeting w/Suffolk County District Attorney
image001.jpg,signature logo,2997,FW: MangoTree v DeRosa
image001.jpg,signature logo,6337,RE: Call with Marty etc.
image002.png,signature logo,8798,RE: Mango/IPA - Master Sheet
image001.png,signature logo,23910,RE: Mango/IPA
image001.jpg,signature logo,11290,"FW: 31 Pineview Blvd, Central Islip"
image003.png,signature logo,9712,"RE: 147 Eagle Hill Ct, Middle Island"
image004.png,signature logo,5362,"RE: 147 Eagle Hill Ct, Middle Island"
image001.jpg,signature logo,11290,RE: Properties sold in 2020
image001.jpg,signature logo,823,RE: FW: 5161 granny white pike
image001.png,signature logo,27401,FW: Mango Tree-  Partial Response to MT's proposal
image001.png,signature logo,19542,RE: IPA/MT - PRIVILEGED & CONFIDENTIAL
image001.jpg,signature logo,6337,RE: Mango/IPA
image001.jpg,signature logo,6337,RE: Mango/IPA
image001.png,signature logo,22084,FW: Meeting w/Suffolk County District Attorney
image001.png,signature logo,22084,RE: Meeting w/Suffolk County District Attorney
image001.jpg,signature logo,6337,RE: Re:
image001.jpg,signature logo,2997,FW: MangoTree v DeRosa
image002.png,signature logo,8798,**Time Sensitive** RE: Mango/IPA - Master Sheet
image010.png,signature logo,1298,FW: Mangotree /DeRosa
image002.jpg,signature logo,11290,RE: Mango/IPA
image001.jpg,signature logo,11290,FW: [MACRO WARNING] Re: Mango/IPA
image001.jpg,signature logo,11290,(Mango/IPA)  -- RE: 31 Pineview and 5161 Granny White
image001.png,signature logo,27401,FW: Mango Tree Proposal
image002.jpg,signature logo,7179,FW: NAM SECURE: RE: NAM Case: 1000253130 - BRIAN SCHUMAN; NO
image003.jpg,signature logo,7186,FW: NAM SECURE: RE: NAM Case: 1000253130 - BRIAN SCHUMAN; NO
image004.jpg,signature logo,7074,FW: NAM SECURE: RE: NAM Case: 1000253130 - BRIAN SCHUMAN; NO
image002.png,signature logo,19542,FW: MangoTree/IPA
image001.png,signature logo,6403,Mango/IPA - 
image001.png,signature logo,27401,FW: Mango/IPA
image001.png,signature logo,27401,FW: Mango Tree  Settlement Issues and Misc. Issues
image001.png,signature logo,22084,FW: Meeting w/Suffolk County District Attorney
image001.jpg,signature logo,6337,RE: Refined analysis of IPA new offer
image004.gif,signature logo,859,FW: MangoTree v DeRosa
image004.png,signature logo,27401,RE: Mango/IPA
image002.jpg,signature logo,11290,RE: Mango/IPA
image001.jpg,signature logo,11290,RE: FW: Backup
image003.png,signature logo,27401,RE: Mango/IPA
image001.jpg,signature logo,11290,RE: Leaf
image001.jpg,signature logo,11290,RE: Expense issue
image001.png,signature logo,23910,RE: MangoTree/IPA
image001.png,signature logo,27401,FW: Mango Tree mediation
image001.png,signature logo,19542,FW: IPA/MT - PRIVILEGED & CONFIDENTIAL
image001.jpg,signature logo,6337,RE: Mango/IPA
image001.jpg,signature logo,6337,RE: Mango/IPA
image001.png,signature logo,178,**Time Sensitive** RE: Mango/IPA - Master Sheet
image001.jpg,signature logo,11290,RE: Mango/IPA
image003.png,signature logo,27401,RE: Mango/IPA
image001.jpg,signature logo,11290,RE: Mango/IPA
image002.png,signature logo,19542,FW: [MACRO WARNING] Re: Mango/IPA
image001.png,signature logo,19542,RE: MangoTree/IPA
image002.png,signature logo,27401,RE: Mango Tree Mediation
image002.jpg,signature logo,26124,RE: IPA/MT - PRIVILEGED & CONFIDENTIAL
image002.jpg,signature logo,513,RE: Meeting w/Suffolk County District Attorney
image001.jpg,signature logo,6337,RE: Re:
image001.jpg,signature logo,6337,RE: FW: Fwd:
image001.jpg,signature logo,6337,RE: Last mediation
image003.jpg,signature logo,775,FW: MangoTree v DeRosa
image001.png,signature logo,178,RE: Mango/IPA - Master Sheet
image002.png,signature logo,8798,RE: Mango/IPA - Master Sheet
image003.png,signature logo,19542,RE: Mango/IPA
image002.png,signature logo,19542,RE: Mango/IPA
image003.png,signature logo,27401,FW: [MACRO WARNING] Re: Mango/IPA
image003.png,signature logo,19542,RE: Mango/IPA
image003.png,signature logo,27401,RE: Re: Mango/IPA
image001.png,signature logo,27401,RE: Shuman  Short recap of Pre-mediation Zoom call
image001.png,signature logo,27401,RE: FW: Mango Tree Settlement Issues and Misc. Issues
image001.png,signature logo,19542,FW: IPA/MT - PRIVILEGED & CONFIDENTIAL
image001.png,signature logo,19542,FW: Mango Tree Mediation follow up
image001.png,signature logo,8798,RE: Mango/IPA - Master Sheet
image001.jpg,signature logo,6337,RE: Do we have call at 1 PM
image001.jpg,signature logo,11290,RE: Properties that IPA has provided information
image001.jpg,signature logo,11290,RE: Backup
image007.png,signature logo,27401,RE: Mango/IPA
image002.jpg,signature logo,11290,"FW: 20 Whitman Ave, Islip"
image001.jpg,signature logo,11290,
image001.jpg,signature logo,11290,FW: Hot off the Press! Read the December Mandelbaum Minute..
image001.png,signature logo,24143,Mango/IPA
image001.png,signature logo,19542,FW: MangoTree/IPA
image001.png,signature logo,6679,RE: Mango Tree Mediation
image002.jpg,signature logo,26124,RE: IPA/MT - PRIVILEGED & CONFIDENTIAL
image004.gif,signature logo,859,FW: MangoTree v DeRosa
image002.jpg,signature logo,459,FW: MangoTree v DeRosa
image001.png,signature logo,40250,"Mango/IPA (633 West End Dr, Medford, NY)"
image001.png,signature logo,10106,RE: Mango-IPA - Master file of properties as of 12-31-2021
image003.jpg,signature logo,775,"FW: 132 W 130th, NY, NY - Marie Holdings v. DeRosa / Mangotr"
image005.gif,signature logo,1290,"FW: 132 W 130th, NY, NY - Marie Holdings v. DeRosa / Mangotr"
image002.jpg,signature logo,459,"RE: 132 W 130th, NY, NY - Marie Holdings v. DeRosa / Mangotr"
image001.jpg,signature logo,6337,RE: Mango/IPA
image001.jpg,signature logo,6337,FW: Services Agreement
image001.png,signature logo,35023,FW: FW: 31 Fort Hill Dr - update on title search
image001.jpg,signature logo,10253,RE: Zoom call Monday at 9 am
image001.jpg,signature logo,6337,RE: Re:
image001.jpg,signature logo,6337,RE: Mango/IPA -
image002.png,signature logo,10825,FW: NYSCEF Notification: Nassau - Commercial Division - <ORD
image002.jpg,signature logo,459,FW: Marie Holdings V DeRosa
image001.png,signature logo,27401,FW: Mango Tree v. IPA/DeRosa
image001.jpg,signature logo,1252,FW: IPA/MT - Request for Expedited Ruling
image001.jpg,signature logo,1252,Fwd: IPA/MT - Request for Expedited Ruling
image001.jpg,signature logo,6337,RE: Mango/IPA
image001.jpg,signature logo,6337,RE: Rent and interest wire
image001.jpg,signature logo,6337,RE: Marty's Availability - The rest of today and tomorrow af
image001.jpg,signature logo,6337,RE: Edited Term sheet
image005.jpg,signature logo,615,FW: Mango Tree - Follow Up
image001.jpg,signature logo,2997,"RE: 132 W 130th, NY, NY - Marie Holdings v. DeRosa / Mangotr"
image005.gif,signature logo,1290,"RE: 132 W 130th, NY, NY - Marie Holdings v. DeRosa / Mangotr"
image003.png,signature logo,1249,RE: Re:
image001.jpg,signature logo,6337,RE: Scheduling a call
image001.png,signature logo,27401,FW: MangoTree/IPA [Ruling Requested] Request to Respond
image005.gif,signature logo,1290,FW: Marie Holdings V DeRosa
image001.png,signature logo,27401,FW: Mango Tree Mediation
image001.png,signature logo,13567,FW: FW: Follow up from today's call
image001.jpg,signature logo,15340,FW: IPA/MT - Request for Expedited Ruling
image001.jpg,signature logo,6337,RE: Sch C
image001.png,signature logo,20761,RE: Mango Tree - Follow Up
image001.jpg,signature logo,6337,RE: DA Response
image001.jpg,signature logo,2997,"FW: 132 W 130th, NY, NY - Marie Holdings v. DeRosa / Mangotr"
image002.jpg,signature logo,10253,RE: Re:
image001.png,signature logo,28610,"Marie Holdings Inc. against David DeRosa, et al. "
image728808.jpg,signature logo,10253,FW: Bill
image001.jpg,signature logo,6337,RE: Mango/IPA - Schedule C Properties
image001.png,signature logo,27588,FW: 23929.0049 Mango Tree invoice - 12/7/2022
image002.png,signature logo,23910,RE: MangoTree/IPA [Ruling Requested] Request to Respond  Req
image001.png,signature logo,27401,RE: Mango Tree
image001.jpg,signature logo,823,RE: FW: 60 Central
image001.png,signature logo,4149,FW: FW: Follow up from today's call
image001.jpg,signature logo,6337,MangoTree/IPA
image001.jpg,signature logo,1252,FW: IPA/MT - Request for Expedited Ruling
image009.png,signature logo,3994,FW: Mangotree /DeRosa
image001.jpg,signature logo,6337,RE: Two files
image001.jpg,signature logo,6337,RE: Mango/IPA -
image001.jpg,signature logo,6337,RE: Counter proposal post Nov 7th
image001.png,signature logo,13567,FW: FW: Follow up from today's call
image002.png,signature logo,1249,RE: Mango Tree. Mediation.
image001.jpg,signature logo,10253,RE: Re:
image001.jpg,signature logo,10253,RE: Settlement
image002.jpg,signature logo,823,RE: Mango/IPA
image343422.png,signature logo,1249,FW: Bill
image001.png,signature logo,8760,RE: Mango/IPA - Title Reports
image001.jpg,signature logo,2997,FW: Marie Holdings V DeRosa
image001.png,signature logo,121,RE: 724 old Post
image002.png,signature logo,23910,RE: MangoTree/IPA [Ruling Requested] Request to Respond  Req
image001.png,signature logo,27401,FW: Mango/IPA [Settlement Agreement and Related Transactiona
image002.jpg,signature logo,1250,RE: IPA/MT - Request for Expedited Ruling
image001.jpg,signature logo,6337,RE: Consolidated drive by
image006.jpg,signature logo,23624,"RE: 132 W 130th, NY, NY - Marie Holdings v. DeRosa / Mangotr"
image001.jpg,signature logo,6337,RE: Mango/IPA
image002.png,signature logo,1249,RE: Settlement
image001.jpg,signature logo,6337,Mango/IPA
image001.jpg,signature logo,6337,RE: Mango/IPA - Schedule C Properties
image001.png,signature logo,23910,RE: Mango tree mediation
image001.png,signature logo,27401,RE: MangoTree/IPA [Ruling Requested] Request to Respond  Req
image001.png,signature logo,22351,RE: Order issued by Hon. Ira Warshawsky on March 22nd 202
image001.jpg,signature logo,6337,RE: MangoTree/IPA
image001.jpg,signature logo,1252,RE: IPA/MT - Request for Expedited Ruling
image002.jpg,signature logo,513,RE: Mango Tree - Follow Up
image005.jpg,signature logo,1550,FW: FW: 31 Fort Hill Dr - update on title search
image001.jpg,signature logo,6337,RE: Bridgewater Asset Management Cash Balance PLan and Rahul
image001.png,signature logo,27588,FW: Mango Tree Invoice - 11/16/2022
image001.jpg,signature logo,823,RE: FW: IPA/MT - Mediation/MOU
image004.gif,signature logo,859,FW: Marie Holdings V DeRosa
image001.png,signature logo,121,FW: 724 old Post
image001.png,signature logo,23904,FW: Mango Tree Invoice - 4-10-2023
image001.jpg,signature logo,6337,RE: Services Agreement
image004.jpg,signature logo,1522,FW: FW: 31 Fort Hill Dr - update on title search
image001.jpg,signature logo,6337,RE: First draft for our internal discussions
image003.jpg,signature logo,6337,RE: Mango/IPA
image001.jpg,signature logo,6337,RE: Mango/IPA - Schedule C Properties
image002.png,signature logo,23910,FW: MangoTree/IPA [Ruling Requested] Request to Respond  Req
image002.png,signature logo,27401,RE: MangoTree/IPA [Ruling Requested] Request to Respond  Req
image001.jpg,signature logo,6337,RE: MangoTree/IPA
image001.jpg,signature logo,15340,RE: IPA/MT - Request for Expedited Ruling
Untitled attachment 02786.htm,empty forwarded-body HTML stub,219,Fwd: IPA/MT - Request for Expedited Ruling
image007.png,signature logo,186650,FW: Mangotree /DeRosa
image001.jpg,signature logo,6337,RE: Drive by
image002.jpg,signature logo,10253,RE: Mango Tree. Mediation.
image003.png,signature logo,1249,RE: Mango Tree. Mediation.
image001.jpg,signature logo,6337,RE: Mango/IPA
image002.jpg,signature logo,10253,RE: Mango Tree. Mediation.
image001.jpg,signature logo,6337,RE: Mango/IPA (225 Ruby)
image001.jpg,signature logo,6337,RE: Our call
image001.png,signature logo,13567,Mango/IPA [Tax Issue]
image001.jpg,signature logo,6337,Mango/IPA
image001.jpg,signature logo,6337,RE: MangoTree 11 properties insurance binder
image002.jpg,signature logo,10253,RE: Mango Tree. Mediation.
image002.png,signature logo,1249,RE: Zoom call Monday at 9 am
image001.jpg,signature logo,6337,RE: Friday 10 AM
image003.jpg,signature logo,6337,RE: Mango/IPA
image001.jpg,signature logo,6337,RE: Mango/IPA - Schedule C Properties
image001.jpg,signature logo,6337,RE: Mango/IPA - final mediation update
image001.jpg,signature logo,6337,RE: Our call
image001.png,signature logo,27401,RE: MangoTree/IPA [Ruling Requested] Request to Respond
image002.png,signature logo,23910,RE: MangoTree/IPA [Ruling Requested] Request to Respond  Req
image002.jpg,signature logo,1671,FW: Mango/IPA [Settlement Agreement and Related Transactiona
image002.jpg,signature logo,1250,Fwd: IPA/MT - Request for Expedited Ruling
image002.jpg,signature logo,459,"FW: 132 W 130th, NY, NY - Marie Holdings v. DeRosa / Mangotr"
image001.jpg,signature logo,10253,RE: Mango Tree. Mediation.
image002.png,signature logo,1249,RE: Mango Tree. Mediation.
image003.png,signature logo,1249,RE: Mango Tree. Mediation.
image001.png,signature logo,27401,RE: Mango Tree. Mediation.
image003.jpg,signature logo,1416,FW: FW: 31 Fort Hill Dr - update on title search
image001.png,signature logo,27401,RE: MangoTree/IPA [Ruling Requested] Request to Respond
image001.png,signature logo,27401,RE: MangoTree/IPA [Ruling Requested] Request to Respond  Req
image001.png,signature logo,27401,FW: Mango Tree
image002.jpg,signature logo,1250,FW: IPA/MT - Request for Expedited Ruling
image002.jpg,signature logo,1250,FW: IPA/MT - Request for Expedited Ruling
image001.jpg,signature logo,6337,RE: Please review
image003.png,signature logo,20761,FW: Mango Tree - Follow Up
image003.jpg,signature logo,775,"RE: 132 W 130th, NY, NY - Marie Holdings v. DeRosa / Mangotr"
image004.gif,signature logo,859,"RE: 132 W 130th, NY, NY - Marie Holdings v. DeRosa / Mangotr"
image001.png,signature logo,12052,Mango/IPA
image001.jpg,signature logo,6337,RE: Mango Tree. Mediation.
image002.jpg,signature logo,823,RE: Mango/IPA
image001.jpg,signature logo,6337,RE: Mango/IPA - Schedule C Properties
image001.png,signature logo,8760,Mango/IPA - Title Reports
image001.jpg,signature logo,6337,RE: Rent to be deposited in Escrow
image001.jpg,signature logo,6337,RE: Mango/IPA - demands for outstanding discovery
image001.png,signature logo,3605,RE: Summons from Nashville Chancery court - 5161 Granny Whit
image001.png,signature logo,13567,RE: FW: Follow up from today's call
image008.emz,signature logo,4484,FW: Mangotree /DeRosa
image001.jpg,signature logo,6337,RE: Call
image001.jpg,signature logo,6337,RE: Please review
image001.jpg,signature logo,6337,RE: Please review
image001.jpg,signature logo,6337,RE: Mango/IPA
image006.jpg,signature logo,23624,"FW: 132 W 130th, NY, NY - Marie Holdings v. DeRosa / Mangotr"
image006.jpg,signature logo,823,FW: FW: 31 Fort Hill Dr - update on title search
image004.png,signature logo,27401,RE: Mango Tree. Mediation.
image001.png,signature logo,27401,FW: MangoTree/IPA [Ruling Requested] Request to Respond
image001.jpg,signature logo,6337,RE: A partner
CID-3fac0c79-ae37-5082-69f2-86de7b08931d@RSL0COPITRAK.gif,inline graphic / calendar / signature,4298,Mango/IPA - (Mediator Invoice)
image001.png,signature logo,24359,FW: Mango Tree - Follow Up
image004.gif,signature logo,859,"FW: 132 W 130th, NY, NY - Marie Holdings v. DeRosa / Mangotr"
image003.jpg,signature logo,6337,RE: Re:
image001.jpg,signature logo,6337,RE: Mango/IPA -
image001.png,signature logo,50547,Mango/IPA (Fort Hill)
image001.jpg,signature logo,6337,RE: A partner
image001.png,signature logo,20761,FW: Mango Tree - Follow Up
image001.jpg,signature logo,6337,RE: Mango/IPA
CID-9beba413-9f58-9c5b-4d69-86e8f3a9a8d9@RSL0COPITRAK.gif,inline graphic / calendar / signature,16906,Mango/IPA - (Mediator Invoice)
image001.jpg,signature logo,6337,RE: DA Response
image001.jpg,signature logo,6337,RE: Mango Tree. Mediation.
image002.jpg,signature logo,1651,FW: FW: 31 Fort Hill Dr - update on title search
image002.png,signature logo,1249,RE: Re:
image001.jpg,signature logo,6337,RE: Mango/IPA -
image003.png,signature logo,1249,RE: Mango Tree. Mediation.
image001.jpg,signature logo,823,RE: FW: IPA/MT - Mediation/MOU
image003.png,signature logo,27401,FW: MangoTree/IPA [Ruling Requested] Request to Respond  Req
image003.jpg,signature logo,775,FW: Marie Holdings V DeRosa
image001.jpg,signature logo,23624,FW: NYSCEF Notification: Suffolk - Real Property - Other - <
image001.png,signature logo,27401,RE: MangoTree/IPA [Ruling Requested] Request to Respond  Req
image001.png,signature logo,22351,MangoTree/IPA - Property Tax Issue
image002.png,signature logo,12126,RE: MangoTree 11 properties insurance binder
image001.jpg,signature logo,10253,RE: Mango Tree. Mediation.
image001.jpg,signature logo,6337,RE: your query regarding rent
image001.jpg,signature logo,23624,FW: NYSCEF Notification: Nassau - Commercial Division - <ORD
image001.png,signature logo,23910,RE: MangoTree/IPA [Ruling Requested] Request to Respond  Req
image001.png,signature logo,13567,RE: Follow up from today's call
image003.jpg,signature logo,6337,Re: Mango/IPA
image001.png,signature logo,27401,Re: Mango Tree. Mediation.
image007.jpg,signature logo,1250,FW: IPA/MT - Request shfor Expedited Ruling
image003.jpg,signature logo,1252,FW: IPA/MT - Request shfor Expedited Ruling
Untitled attachment 02789.htm,empty forwarded-body HTML stub,219,Fwd: IPA/MT - Request for Expedited Ruling
image001.jpg,signature logo,6337,RE: Scheduling a call
image001.jpg,signature logo,10253,Re: Mango Tree. Mediation.
image001.jpg,signature logo,6337,Re: Mango Tree. Mediation.
image001.jpg,signature logo,15340,FW: IPA/MT - Request shfor Expedited Ruling
image004.jpg,signature logo,1250,FW: IPA/MT -
image001.png,signature logo,132050,RE: FW: Documents for signing and notarizing
Untitled attachment 02795.htm,empty forwarded-body HTML stub,178,Fwd: IPA/MT - Request for Expedited Ruling
image002.png,signature logo,1249,RE: Settlement
image780217.png,signature logo,1249,RE: Settlement
image138857.jpg,signature logo,10253,RE: Settlement
image002.png,signature logo,1249,RE: Settlement
image002.png,signature logo,27401,FW: IPA/MT -
image001.jpg,signature logo,6337,Re: Mango/IPA
image102069.png,signature logo,1249,RE: Settlement
image846092.jpg,signature logo,10253,RE: Settlement
image374162.jpg,signature logo,10253,Fwd: Mango Tree. Mediation.
image003.png,signature logo,1249,Re: Mango Tree. Mediation.
image002.png,signature logo,27401,FW: IPA/MT - Request shfor Expedited Ruling
image003.jpg,signature logo,1252,FW: IPA/MT -
image002.jpg,signature logo,1252,FW: IPA/MT - Request for Expedited Ruling
image001.jpg,signature logo,6337,RE: Mango/IPA
image823579.png,signature logo,1249,RE: Mango/IPA
image001.jpg,signature logo,10253,Re: Settlement
image003.png,signature logo,1249,Re: Mango Tree. Mediation.
image003.jpg,signature logo,1252,FW: IPA/MT - Request shfor Expedited Ruling
image207025.jpg,signature logo,10253,Re: Settlement
image002.png,signature logo,1249,RE: Settlement
image887677.jpg,signature logo,10253,RE: Settlement
image749266.png,signature logo,1249,RE: Settlement
image731459.jpg,signature logo,10253,Fwd: Mango Tree. Mediation.
image164680.jpg,signature logo,10253,RE: Mango/IPA
image003.jpg,signature logo,1252,RE: IPA/MT - Request shfor Expedited Ruling
image001.jpg,signature logo,10253,RE: Settlement
image001.png,signature logo,27401,FW: Mango Tree. Mediation.
image001.jpg,signature logo,10253,RE: Mango/IPA
image002.png,signature logo,1249,RE: Mango/IPA
image001.png,signature logo,19542,Re: FW: Mango Tree Mediation follow up
image001.jpg,signature logo,15340,FW: IPA/MT - Request shfor Expedited Ruling
image001.png,signature logo,27401,FW: IPA/MT - Request for Expedited Ruling
image001.jpg,signature logo,6337,Re: Mango/IPA
image001.jpg,signature logo,6337,Re: Mango/IPA
image077179.png,signature logo,1249,Re: Mango/IPA
image667955.jpg,signature logo,10253,Mango Tree. Mediation.
image002.png,signature logo,27401,RE: IPA/MT - Request shfor Expedited Ruling
image001.jpg,signature logo,6337,Re: First draft for our internal discussions
image001.jpg,signature logo,10253,RE: Settlement
image002.jpg,signature logo,10253,Re: Mango Tree. Mediation.
image005.png,signature logo,27401,FW: IPA/MT - Request shfor Expedited Ruling
image001.jpg,signature logo,823,RE: bill
image001.jpg,signature logo,10253,RE: Mango/IPA
image001.jpg,signature logo,10253,RE: Settlement
image922125.png,signature logo,1249,Fwd: Mango Tree. Mediation.
image001.png,signature logo,27401,RE: Mango Tree. Mediation.
image847329.png,signature logo,1249,Mango Tree. Mediation.
image001.png,signature logo,27401,Fwd: Mango Tree. Mediation.
image001.jpg,signature logo,6337,Re: Mango Tree. Mediation.
image001.gif,signature logo,3444,RE: FW: 3 Properties - schenectady survey cost
image004.jpg,signature logo,1250,FW: IPA/MT - Request shfor Expedited Ruling
image002.png,signature logo,27401,FW: IPA/MT - Request shfor Expedited Ruling
image002.png,signature logo,1249,RE: Settlement
image001.png,signature logo,27401,Fwd: Mango Tree. Mediation.
image002.jpg,signature logo,10253,Re: Mango Tree. Mediation.
image001.png,signature logo,19542,RE: FW: Mango Tree Mediation follow up
image001.jpg,signature logo,15340,RE: IPA/MT - Request shfor Expedited Ruling
image001.jpg,signature logo,15340,FW: IPA/MT -
image003.jpg,signature logo,1250,FW: IPA/MT - Request for Expedited Ruling
image789875.png,signature logo,1249,RE: Settlement
image001.jpg,signature logo,10253,RE: Settlement
image002.png,signature logo,1249,Re: Mango Tree. Mediation.
image001.jpg,signature logo,6337,Re: Mango Tree. Mediation.
image984097.png,signature logo,1249,RE: Mango/IPA
image004.jpg,signature logo,1250,RE: IPA/MT - Request shfor Expedited Ruling
Untitled attachment 02820.htm,empty forwarded-body HTML stub,189,Re: bill
image001.jpg,signature logo,6337,RE: Scheduling a call
image295299.jpg,signature logo,10253,RE: Mango/IPA
image108736.jpg,signature logo,10253,RE: Mango/IPA
image001.jpg,signature logo,144439,Re: FW:
image006.jpg,signature logo,1252,FW: IPA/MT - Request shfor Expedited Ruling
image001.jpg,signature logo,6337,Re: Scheduling a call
image969553.png,signature logo,1249,RE: Mango/IPA
image784128.jpg,signature logo,10253,Re: Mango/IPA
image001.jpg,signature logo,6337,RE: First draft for our internal discussions
image002.png,signature logo,1249,RE: Mango/IPA
image001.jpg,signature logo,10253,RE: Settlement
image002.png,signature logo,1249,Re: Settlement
image002.png,signature logo,1249,RE: Settlement
image001.png,signature logo,27401,Fwd: Mango Tree. Mediation.
image001.png,signature logo,27401,Fwd: Mango Tree. Mediation.
image004.jpg,signature logo,15340,FW: IPA/MT - Request shfor Expedited Ruling
image004.jpg,signature logo,1250,FW: IPA/MT - Request shfor Expedited Ruling
Untitled attachment 02792.htm,empty forwarded-body HTML stub,219,Fwd: IPA/MT - Request for Expedited Ruling
image001.jpg,signature logo,823,RE: Mango MOU for discussion - Wernick and Lasky comments
image002.jpg,signature logo,823,Re: Mango/IPA
image102069.png,signature logo,1249,Re: Settlement
image001.png,signature logo,27401,RE: Mango Tree. Mediation.
image708845.png,signature logo,1249,Fwd: Mango Tree. Mediation.
image207025.jpg,signature logo,10253,RE: Settlement
image001.png,signature logo,27401,RE: Mango Tree. Mediation.
image001.png,signature logo,27401,RE: Mango Tree. Mediation.
image001.png,signature logo,132050,RE: Mango/IPA
image001.jpg,signature logo,15340,RE: Mango Tree /ipa
image001.jpg,signature logo,823,RE: bill
image001.jpg,signature logo,15340,RE: Mango Tree /ipa
image002.png,signature logo,132050,RE: Mango Tree /ipa
image001.png,signature logo,132050,RE: Mango/IPA
image001.png,signature logo,27401,RE: Mango Tree-  Our current Issues
image001.png,signature logo,27401,FW: Mango Tree-  Our current Issues
image002.png,signature logo,36490,FW: Mango Tree-  Our current Issues
image002.png,signature logo,36490,RE: Mango Tree-  Our current Issues
image001.png,signature logo,27401,RE: Mango Tree-  Our current Issues
image003.png,signature logo,132050,RE: Mango Tree-  Our current Issues
image004.png,signature logo,27401,RE: Mango Tree-  Our current Issues
image002.png,signature logo,132050,RE: Mango Tree-  Our current Issues
image001.png,signature logo,132050,RE: Mango/IPA
image005.png,signature logo,36490,RE: Mango Tree-  Our current Issues
image001.jpg,signature logo,15340,RE: Mango Tree-  Our current Issues
image003.png,signature logo,27401,RE: Mango Tree-  Our current Issues
image004.png,signature logo,36490,RE: Mango Tree-  Our current Issues
image001.jpg,signature logo,15340,FW: Mango Tree-  Our current Issues
image003.png,signature logo,27401,FW: Mango Tree-  Our current Issues
image004.png,signature logo,36490,FW: Mango Tree-  Our current Issues
image002.png,signature logo,132050,FW: Mango Tree-  Our current Issues
image001.png,signature logo,132050,RE: FW: MSEK invoice - 23929.0049 - Mango Tree Mediation
image001.jpg,signature logo,1250,RE: Mediation Conference  Mango Tree
image001.png,signature logo,132050,RE: Title
image004.png,signature logo,12046,FW: Title 134701-s
image003.png,signature logo,21830,FW: Title 134701-s
image007.png,signature logo,22074,FW: Title 134701-s
image005.png,signature logo,12405,FW: Title 134701-s
image006.png,signature logo,6047,FW: Title 134701-s
image008.png,signature logo,132050,FW: Title 134701-s
image001.jpg,signature logo,27173,RE: Question reg self directed IRA
image002.png,signature logo,1791,RE: Question reg self directed IRA
image003.png,signature logo,2019,RE: Question reg self directed IRA
image004.png,signature logo,1964,RE: Question reg self directed IRA
image005.png,signature logo,2594,RE: Question reg self directed IRA
image006.png,signature logo,1912,RE: Question reg self directed IRA
image008.png,signature logo,8253,RE: Question reg self directed IRA
image007.png,signature logo,16314,RE: Question reg self directed IRA
image009.jpg,signature logo,823,RE: Question reg self directed IRA
image001.jpg,signature logo,1250,FW: Mediation Conference  Mango Tree
image001.jpg,signature logo,1250,RE: Mediation Conference  Mango Tree
image002.jpg,signature logo,1250,RE: Mediation Conference Mango Tree
image001.png,signature logo,132050,RE: Mediation Conference Mango Tree
image001.jpg,signature logo,27173,FW: Question reg self directed IRA
image002.png,signature logo,1791,FW: Question reg self directed IRA
image004.png,signature logo,1964,FW: Question reg self directed IRA
image003.png,signature logo,2019,FW: Question reg self directed IRA
image005.png,signature logo,2594,FW: Question reg self directed IRA
image006.png,signature logo,1912,FW: Question reg self directed IRA
image007.png,signature logo,16314,FW: Question reg self directed IRA
image008.png,signature logo,8253,FW: Question reg self directed IRA
image001.png,signature logo,27588,FW: MSEK - Mango Tree Payment
image001.png,signature logo,132050,FW: Mango/IPA
image001.png,signature logo,132050,FW: Mango/IPA
image002.jpg,signature logo,15340,RE: Mediation Conference  Mango Tree
image003.jpg,signature logo,1250,RE: Mediation Conference  Mango Tree
image001.png,signature logo,132050,RE: Mediation Conference  Mango Tree
image002.jpg,signature logo,15340,RE: Mediation Conference  Mango Tree
image003.jpg,signature logo,1250,RE: Mediation Conference  Mango Tree
image001.png,signature logo,132050,FW: Mediation Conference  Mango Tree
image002.jpg,signature logo,15340,FW: Mediation Conference  Mango Tree
image003.jpg,signature logo,1250,FW: Mediation Conference  Mango Tree
image001.jpg,signature logo,27173,FW: Question reg self directed IRA
image002.png,signature logo,1791,FW: Question reg self directed IRA
image003.png,signature logo,2019,FW: Question reg self directed IRA
image004.png,signature logo,1964,FW: Question reg self directed IRA
image005.png,signature logo,2594,FW: Question reg self directed IRA
image006.png,signature logo,1912,FW: Question reg self directed IRA
image007.png,signature logo,16314,FW: Question reg self directed IRA
image008.png,signature logo,8253,FW: Question reg self directed IRA
image001.png,signature logo,22074,FW: TITLE NO. FE-134701-S
image003.png,signature logo,21830,FW: TITLE NO. FE-134701-S
image002.png,signature logo,132050,FW: TITLE NO. FE-134701-S
image004.png,signature logo,12046,FW: TITLE NO. FE-134701-S
image005.png,signature logo,12405,FW: TITLE NO. FE-134701-S
image006.png,signature logo,6047,FW: TITLE NO. FE-134701-S
image001.png,signature logo,22074,RE: FW: TITLE NO. FE-134701-S
image002.png,signature logo,132050,RE: Mango/IPA
image001.png,signature logo,132050,RE: JHM Home Improvement wiring instructions - 115 PATTON
image003.png,signature logo,36476,RE: Mango/IPA
image001.png,signature logo,132050,RE: IPA/MT - Request for expedited meeting
image002.jpg,signature logo,15340,RE: IPA/MT - Request for expedited meeting
image001.png,signature logo,132050,RE: IPA/MT - Request for expedited meeting
image002.jpg,signature logo,15340,RE: IPA/MT - Request for expedited meeting
image001.jpg,signature logo,2997,FW: Settlement Conference Request -  603013/2023 (O'CONNOR) 
image002.jpg,signature logo,459,FW: Settlement Conference Request -  603013/2023 (O'CONNOR) 
image003.jpg,signature logo,775,FW: Settlement Conference Request -  603013/2023 (O'CONNOR) 
image004.gif,signature logo,859,FW: Settlement Conference Request -  603013/2023 (O'CONNOR) 
image005.gif,signature logo,1290,FW: Settlement Conference Request -  603013/2023 (O'CONNOR) 
image001.jpg,signature logo,2997,FW: Settlement Conference Request -  603013/2023 (O'CONNOR) 
image002.jpg,signature logo,459,FW: Settlement Conference Request -  603013/2023 (O'CONNOR) 
image003.jpg,signature logo,775,FW: Settlement Conference Request -  603013/2023 (O'CONNOR) 
image004.gif,signature logo,859,FW: Settlement Conference Request -  603013/2023 (O'CONNOR) 
image005.gif,signature logo,1290,FW: Settlement Conference Request -  603013/2023 (O'CONNOR) 
image001.png,signature logo,132050,FW: Mango/IPA - Forbearance Agreement
image001.jpg,signature logo,15340,RE: Mango/IPA - Forbearance Agreement
image002.png,signature logo,132050,RE: Mango/IPA - Forbearance Agreement
image003.png,signature logo,132050,FW: Mango/IPA - Forbearance Agreement
image004.jpg,signature logo,1250,FW: Mango/IPA - Forbearance Agreement
image001.png,signature logo,132050,RE: 38 Parkside
image001.png,signature logo,132050,RE: FW: Sch C properties - response - next steps
image001.gif,signature logo,43,RE: Schedule C Properties 
image001.png,signature logo,132050,RE: Mango/IPA - Global Settlement
image001.png,signature logo,132050,RE: Mango/IPA - Global Settlement
image001.png,signature logo,132050,FW: Mango/IPA
image001.png,signature logo,132050,RE: Mango/IPA
image001.png,signature logo,132050,RE: Mango/IPA
image001.png,signature logo,125524,RE: 35 Henry Street Kingston NY
image001.png,signature logo,132050,RE: Mango/IPA
image001.png,signature logo,132050,FW: Mango/IPA
image001.png,signature logo,132050,RE: Term sheet
image001.png,signature logo,132050,RE: FW: CTCA
image001.png,signature logo,132050,RE: Mango/IPA
image001.png,signature logo,132050,FW: Mango/IPA
image001.png,signature logo,132050,RE: Mango/IPA
image001.png,signature logo,132050,FW: Mango/IPA
image001.png,signature logo,132050,RE: Mango/IPA
image001.png,signature logo,132050,FW: Mango/IPA
image001.png,signature logo,132050,FW: Mango/IPA
image001.png,signature logo,132050,RE: Mango/IPA
image001.png,signature logo,132050,FW: Mango/IPA
image001.png,signature logo,132050,RE: IPA - Sch C follow up dt 11-15-2023
image001.png,signature logo,132050,FW: Mango/IPA -Forbearance Agreement
image001.png,signature logo,132050,FW: Mango/IPA -Forbearance Agreement
image001.png,signature logo,132050,RE: Interest due on large note
image002.png,signature logo,173294,RE: Interest due on large note
image001.png,signature logo,23910,FW: Mango Tree
image001.png,signature logo,23910,FW: Mango Tree
image001.png,signature logo,23910,FW: Mango Tree
image002.jpg,signature logo,15340,FW: Mango Tree
image003.png,signature logo,132050,FW: Mango Tree
image004.png,signature logo,23910,FW: Mango Tree
image001.png,signature logo,23910,FW: Mango Tree Re:  Under collateralized
image004.png,signature logo,36490,FW: Mango Tree Re:  Under collateralized
image001.png,signature logo,23910,FW: Mango tree- Response to issues raised- related and un re
image001.png,signature logo,132050,FW: Mango/IPA
image001.png,signature logo,132050,FW: Mango/IPA
image001.png,signature logo,132050,RE: FW: Mangotree and IPA Litigation
image001.png,signature logo,132050,RE: FW: Mangotree and IPA Litigation
image001.png,signature logo,132050,RE: FW: Mangotree and IPA Litigation
image001.png,signature logo,132050,FW: Mango/IPA
image001.png,signature logo,132050,RE: Mango/IPA
image001.png,signature logo,23910,RE: Mango Tree Call with Broker
image001.png,signature logo,23910,Fwd: Mango Tree meeting with Broker
image002.png,signature logo,132050,RE: Mango Tree meeting with Broker
image003.png,signature logo,23910,RE: Mango Tree meeting with Broker
image002.jpg,signature logo,15340,FW: Mango Tree meeting with Broker
image003.png,signature logo,132050,FW: Mango Tree meeting with Broker
image004.png,signature logo,23910,FW: Mango Tree meeting with Broker
image001.png,signature logo,132050,RE: Mango/I*PA
image001.png,signature logo,132050,RE: Mango/IPA
image001.png,signature logo,132050,RE: Correction FW: Notice of Default – December Payments
image002.jpg,signature logo,15340,RE: Mango/IPA
image001.png,signature logo,132050,RE: Mango/IPA
image001.png,signature logo,132050,RE: Mango/IPA
image001.png,signature logo,23910,FW: Mango Tree Progress?
image001.png,signature logo,23910,RE: Mango Tree Progress?
image001.png,signature logo,132050,RE: FW: Mango Tree Progress?
image002.png,signature logo,23910,RE: FW: Mango Tree Progress?
image001.png,signature logo,132050,RE: Mango Tree Progress?
image002.png,signature logo,23910,RE: Mango Tree Progress?
image001.png,signature logo,132050,RE: FW: Mango Tree Progress?
image002.png,signature logo,23910,RE: FW: Mango Tree Progress?
image001.png,signature logo,132050,RE: Mango/IPA
image001.png,signature logo,132050,RE: 47 Wilson
image002.png,signature logo,29096,RE: Mango/IPA
image003.png,signature logo,132050,RE: Mango/IPA
image001.png,signature logo,132050,RE: 47 Wilson
image001.png,signature logo,132050,FW: Monies
image001.png,signature logo,132050,RE: 47 Wilson Buy-Out (Mango/IPA)
image001.png,signature logo,132050,RE: 47 Wilson
image001.png,signature logo,132050,FW: Re:47 Wilson and 35 Henry
image007.jpg,signature logo,823,"RE: FW: Title Search for 47 Wilson Ave, Middle Island, NY 11"
image002.jpg,signature logo,1651,"RE: FW: Title Search for 47 Wilson Ave, Middle Island, NY 11"
image001.png,signature logo,77802,"RE: FW: Title Search for 47 Wilson Ave, Middle Island, NY 11"
image003.jpg,signature logo,1416,"RE: FW: Title Search for 47 Wilson Ave, Middle Island, NY 11"
image004.jpg,signature logo,1522,"RE: FW: Title Search for 47 Wilson Ave, Middle Island, NY 11"
image005.jpg,signature logo,1550,"RE: FW: Title Search for 47 Wilson Ave, Middle Island, NY 11"
image001.png,signature logo,132050,RE: 47 Wilson
image001.png,signature logo,132050,Re: FW: 47 Wilson
image001.png,signature logo,132050,RE: 47 Wilson
image001.png,signature logo,132050,RE: 47 Wilson
image001.png,signature logo,132050,RE: 47 Wilson
image001.jpg,signature logo,6337,Fwd: MangoTree/IPA
image001.jpg,signature logo,6337,RE: 47 Wilson
image001.jpg,signature logo,6337,Re: MangoTree/IPA
image001.jpg,signature logo,6337,Re: MangoTree/IPA
image001.jpg,signature logo,6337,Re: MangoTree/IPA
image001.png,signature logo,132050,Re: 47 Wilson
image003.png,signature logo,132050,RE: 47 Wilson
image001.jpg,signature logo,6337,RE: MangoTree/IPA
image001.jpg,signature logo,6337,Re: MangoTree/IPA
image001.jpg,signature logo,6337,Survey quotes provided
image001.jpg,signature logo,6337,RE: Survey quotes provided
image001.jpg,signature logo,6337,RE: Survey quotes provided
image001.jpg,signature logo,6337,Re: Survey quotes provided
image001.jpg,signature logo,6337,Re: Mango/IPA [Surveys] - title company
image001.jpg,signature logo,6337,RE: Mango/IPA [Surveys] - title company
image001.jpg,signature logo,6337,RE: Mango/IPA [Surveys]
image001.jpg,signature logo,6337,Re: Mango/IPA [Surveys]
image001.jpg,signature logo,6337,RE: Quote #43257 re: 45 SARAH DRIVE 1739745
image001.jpg,signature logo,6337,RE: Mango/IPA - [Mortgages]
image001.png,signature logo,34396,FW: 115 Patton Avenue Wyandanch NY
image001.png,signature logo,132050,FW: 47 Wilson and 35 Henry
image001.png,signature logo,132050,RE: 47 Wilson and 35 Henry
image002.png,signature logo,132050,RE: FW: MangoTree - IPA service agreement
image001.jpg,signature logo,6337,RE: FW: MangoTree - IPA service agreement
image001.jpg,signature logo,6337,RE: FW: MangoTree - IPA service agreement
image002.png,signature logo,132050,RE: FW: MangoTree - IPA service agreement
image002.png,signature logo,132050,RE: FW: MangoTree - IPA service agreement - set up zoom
image001.png,signature logo,29096,RE: Mango/IPA - Sch C Follow up 
image001.jpg,signature logo,6337,RE: FW: MangoTree - IPA service agreement - set up zoom
image001.jpg,signature logo,6337,RE: FW: MangoTree - IPA service agreement - set up zoom
image001.png,signature logo,29096,RE: Mango/IPA - Sch C Follow up 
image002.png,signature logo,132050,RE: Mango/IPA - Sch C Follow up 
image002.png,signature logo,132050,RE: Mango/IPA - Sch C Follow up 
image002.png,signature logo,132050,RE: FW: MangoTree - IPA service agreement - set up zoom
image007.jpg,signature logo,823,"RE: FW: Title Search for 47 Wilson Ave, Middle Island, NY 11"
image001.png,signature logo,77795,"RE: FW: Title Search for 47 Wilson Ave, Middle Island, NY 11"
image003.jpg,signature logo,1651,"RE: FW: Title Search for 47 Wilson Ave, Middle Island, NY 11"
image004.jpg,signature logo,1416,"RE: FW: Title Search for 47 Wilson Ave, Middle Island, NY 11"
image006.jpg,signature logo,1550,"RE: FW: Title Search for 47 Wilson Ave, Middle Island, NY 11"
image005.jpg,signature logo,1522,"RE: FW: Title Search for 47 Wilson Ave, Middle Island, NY 11"
image006.jpg,signature logo,1550,"RE: FW: Title Search for 47 Wilson Ave, Middle Island, NY 11"
image005.jpg,signature logo,1522,"RE: FW: Title Search for 47 Wilson Ave, Middle Island, NY 11"
image004.jpg,signature logo,1416,"RE: FW: Title Search for 47 Wilson Ave, Middle Island, NY 11"
image007.png,signature logo,77795,"RE: FW: Title Search for 47 Wilson Ave, Middle Island, NY 11"
image003.jpg,signature logo,1651,"RE: FW: Title Search for 47 Wilson Ave, Middle Island, NY 11"
image001.png,signature logo,77828,"RE: FW: Title Search for 47 Wilson Ave, Middle Island, NY 11"
image008.jpg,signature logo,823,"RE: FW: Title Search for 47 Wilson Ave, Middle Island, NY 11"
image001.png,signature logo,132050,FW: 35 Henry wiring instructions
image007.png,signature logo,77828,"RE: FW: Title Search for 47 Wilson Ave, Middle Island, NY 11"
image008.png,signature logo,77795,"RE: FW: Title Search for 47 Wilson Ave, Middle Island, NY 11"
image009.jpg,signature logo,823,"RE: FW: Title Search for 47 Wilson Ave, Middle Island, NY 11"
image001.png,signature logo,77828,"RE: FW: Title Search for 47 Wilson Ave, Middle Island, NY 11"
image003.jpg,signature logo,1651,"RE: FW: Title Search for 47 Wilson Ave, Middle Island, NY 11"
image004.jpg,signature logo,1416,"RE: FW: Title Search for 47 Wilson Ave, Middle Island, NY 11"
image005.jpg,signature logo,1522,"RE: FW: Title Search for 47 Wilson Ave, Middle Island, NY 11"
image006.jpg,signature logo,1550,"RE: FW: Title Search for 47 Wilson Ave, Middle Island, NY 11"
image001.png,signature logo,132050,FW: Mango/IPA
image001.png,signature logo,132050,RE: FW: Mango/IPA
image001.png,signature logo,132050,FW: Mango/IPA
image001.png,signature logo,132050,FW: Second Commitment (Mango/IPA)
image008.png,signature logo,77828,"RE: FW: Title Search for 47 Wilson Ave, Middle Island, NY 11"
image010.jpg,signature logo,823,"RE: FW: Title Search for 47 Wilson Ave, Middle Island, NY 11"
image001.png,signature logo,77828,"RE: FW: Title Search for 47 Wilson Ave, Middle Island, NY 11"
image009.png,signature logo,77795,"RE: FW: Title Search for 47 Wilson Ave, Middle Island, NY 11"
image003.jpg,signature logo,1651,"RE: FW: Title Search for 47 Wilson Ave, Middle Island, NY 11"
image004.jpg,signature logo,1416,"RE: FW: Title Search for 47 Wilson Ave, Middle Island, NY 11"
image005.jpg,signature logo,1522,"RE: FW: Title Search for 47 Wilson Ave, Middle Island, NY 11"
image006.jpg,signature logo,1550,"RE: FW: Title Search for 47 Wilson Ave, Middle Island, NY 11"
image007.jpg,signature logo,6337,"RE: FW: Title Search for 47 Wilson Ave, Middle Island, NY 11"
image001.png,signature logo,132050,FW: Stips to Cancel LPs
image006.png,signature logo,77828,"RE: FW: Title Search for 47 Wilson Ave, Middle Island, NY 11"
image007.jpg,signature logo,6337,"RE: FW: Title Search for 47 Wilson Ave, Middle Island, NY 11"
image008.png,signature logo,77795,"RE: FW: Title Search for 47 Wilson Ave, Middle Island, NY 11"
image009.jpg,signature logo,823,"RE: FW: Title Search for 47 Wilson Ave, Middle Island, NY 11"
image001.png,signature logo,39774,"RE: FW: Title Search for 47 Wilson Ave, Middle Island, NY 11"
image002.jpg,signature logo,1651,"RE: FW: Title Search for 47 Wilson Ave, Middle Island, NY 11"
image004.jpg,signature logo,1522,"RE: FW: Title Search for 47 Wilson Ave, Middle Island, NY 11"
image003.jpg,signature logo,1416,"RE: FW: Title Search for 47 Wilson Ave, Middle Island, NY 11"
image005.jpg,signature logo,1550,"RE: FW: Title Search for 47 Wilson Ave, Middle Island, NY 11"
image001.png,signature logo,132050,RE: Mango/IPA
image001.png,signature logo,132050,RE: Mango/IPA
image001.png,signature logo,132050,RE: Mango/IPA - Extension
image001.png,signature logo,132050,Re: Mango/IPA
image001.png,signature logo,132050,FW: Mango/IPA
image001.png,signature logo,132050,RE: Mango/IPA
image001.png,signature logo,132050,RE: Mango/IPA
image001.png,signature logo,19091,FW: 115 Patton Avenue Wyandanch NY - Closing
image002.jpg,signature logo,1108,FW: 115 Patton Avenue Wyandanch NY - Closing
image003.png,signature logo,132050,FW: 115 Patton Avenue Wyandanch NY - Closing
image001.png,signature logo,19091,RE: 115 Patton Avenue Wyandanch NY - Closing
image002.jpg,signature logo,1108,RE: 115 Patton Avenue Wyandanch NY - Closing
image003.png,signature logo,132050,RE: 115 Patton Avenue Wyandanch NY - Closing
image001.png,signature logo,132050,FW: Mango/IPA
image001.png,signature logo,132050,RE: 115 Patton Avenue Wyandanch NY - Closing
image002.png,signature logo,19091,RE: 115 Patton Avenue Wyandanch NY - Closing
image003.jpg,signature logo,1108,RE: 115 Patton Avenue Wyandanch NY - Closing
image001.png,signature logo,19091,RE: 115 Patton Avenue Wyandanch NY - Closing
image002.jpg,signature logo,1108,RE: 115 Patton Avenue Wyandanch NY - Closing
image003.png,signature logo,132050,RE: 115 Patton Avenue Wyandanch NY - Closing
image001.png,signature logo,19091,FW: 115 Patton Avenue Wyandanch NY - Closing
image002.jpg,signature logo,1108,FW: 115 Patton Avenue Wyandanch NY - Closing
image003.png,signature logo,132050,FW: 115 Patton Avenue Wyandanch NY - Closing
image001.png,signature logo,40072,RE: Mango Tree Mortgage status
image001.png,signature logo,40072,FW: Mango Tree Mortgage status
image001.png,signature logo,132050,RE: Second Commitment
image001.png,signature logo,132050,FW: Second Commitment
image001.png,signature logo,132050,RE: 47 Wilson
image002.png,signature logo,132050,RE: Mango Tree Mortgage status
image003.png,signature logo,40072,RE: Mango Tree Mortgage status
image001.png,signature logo,132050,RE: Mango Tree Mortgage status
image002.png,signature logo,40072,RE: Mango Tree Mortgage status
image001.png,signature logo,132050,RE: Mango Tree Mortgage status
image002.png,signature logo,40072,RE: Mango Tree Mortgage status
image001.png,signature logo,132050,FW: Mango Tree Mortgage status
image002.png,signature logo,40072,FW: Mango Tree Mortgage status
image001.png,signature logo,132050,RE: Mango Tree Mortgage status
image002.png,signature logo,40072,RE: Mango Tree Mortgage status
image001.png,signature logo,40053,RE: Mango Tree  Status
image001.png,signature logo,40053,FW: Mango Tree Status
image001.png,signature logo,132050,RE: Mango/IPA
image007.png,signature logo,20974,FW: MangoTree v. IPA (Schedule C Properties)
image006.png,signature logo,69560,FW: MangoTree v. IPA (Schedule C Properties)
image005.png,signature logo,40053,FW: MangoTree v. IPA (Schedule C Properties)
image008.png,signature logo,21968,FW: MangoTree v. IPA (Schedule C Properties)
image009.png,signature logo,37653,FW: MangoTree v. IPA (Schedule C Properties)
image001.png,signature logo,20974,FW: MangoTree v. IPA (Schedule C Properties)
image002.png,signature logo,21968,FW: MangoTree v. IPA (Schedule C Properties)
image003.png,signature logo,37653,FW: MangoTree v. IPA (Schedule C Properties)
image001.png,signature logo,132050,RE: FW: MangoTree v. IPA (Schedule C Properties)
image001.jpg,signature logo,15340,RE: Pease indicate youra ailability for an all party zoom ca
image001.jpg,signature logo,15340,FW: Mango tree can we meet on 4.24.24
image001.png,signature logo,132050,FW: Mango Tree Mortgage status
image002.png,signature logo,40072,FW: Mango Tree Mortgage status
image001.jpg,signature logo,15340,FW: Mango tree can we meet on 4.24.24
image001.png,signature logo,132050,RE: Mango/IPA
image001.png,signature logo,132050,RE: 
image001.png,signature logo,2832699,"RE: Closing of a 500k bridge loan in Queens, NY"
image003.png,signature logo,40072,FW: RESPONSE REQUIRED: MSEK Outstanding Invoice - MANGO TREE
image001.png,signature logo,132050,RE: Mango/IPA - Forbrerance Agreement and Schedule C Propert
image001.png,signature logo,132050,RE: Mango/IPA - Forbrerance Agreement and Schedule C Propert
image003.png,signature logo,22316,FW: RESPONSE REQUIRED: MSEK Outstanding Invoice - MANGO TREE
image001.png,signature logo,79831,FW: MSEK Outstanding Invoice - MANGO TREE MEDIATION
image002.png,signature logo,1249,RE: Notice of Default
image001.jpg,signature logo,10253,RE: Notice of Default
image001.jpg,signature logo,10253,RE: Notice of Default
image002.png,signature logo,1249,RE: Notice of Default
image968421.jpg,signature logo,10253,
image001.jpg,signature logo,6337,RE: 47 Wilson - closing - IPA response
image814539.png,signature logo,1249,
image157048.jpg,signature logo,10253,RE: Wire
image891536.png,signature logo,1249,RE: Wire
image092126.jpg,signature logo,10253,Notice of Default
image591879.png,signature logo,1249,Notice of Default
image508529.jpg,signature logo,10253,FW: Notice of Default - MT response
image425613.png,signature logo,1249,FW: Notice of Default - MT response
image026570.jpg,signature logo,10253,Bill
image788638.png,signature logo,1249,Bill
image001.jpg,signature logo,10253,Re: Notice of Default
image002.png,signature logo,1249,Re: Notice of Default
image001.jpg,signature logo,10253,Re: Notice of Default
image002.png,signature logo,1249,Re: Notice of Default
image084904.jpg,signature logo,10253,Re: Notice of Default
image652739.png,signature logo,1249,Re: Notice of Default
image171050.jpg,signature logo,10253,Notice of Default
image931130.png,signature logo,1249,Notice of Default
image197078.jpg,signature logo,10253,Re: Mortgage of fort hill
image288061.png,signature logo,1249,Re: Mortgage of fort hill
image631719.jpg,signature logo,10253,RE: Follow up - MT response
image603448.png,signature logo,1249,RE: Follow up - MT response
image406593.jpg,signature logo,10253,Follow up - MT response
image072411.png,signature logo,1249,Follow up - MT response
image548677.jpg,signature logo,10253,Follow up - MT response
image368577.png,signature logo,1249,Follow up - MT response
image406593.jpg,signature logo,10253,RE: Follow up
image072411.png,signature logo,1249,RE: Follow up
image983419.jpg,signature logo,10253,RE: Follow up
image889993.png,signature logo,1249,RE: Follow up
image006451.jpg,signature logo,10253,RE: Seeking your guidance
image470853.png,signature logo,1249,RE: Seeking your guidance
image835410.jpg,signature logo,10253,Bill
image941205.png,signature logo,1249,Bill
image247983.jpg,signature logo,10253,Bill
image706560.png,signature logo,1249,Bill
image452601.jpg,signature logo,10253,Bill
image880904.png,signature logo,1249,Bill
image271180.jpg,signature logo,10253,Bill
image899632.png,signature logo,1249,Bill
image065982.jpg,signature logo,10253,Bill
image980629.png,signature logo,1249,Bill
image127895.jpg,signature logo,10253,"FW: 601314/2021 MANGOTREE REAL ESTATE HOLDING, L.P. et al v."
image919826.png,signature logo,1249,"FW: 601314/2021 MANGOTREE REAL ESTATE HOLDING, L.P. et al v."
image324341.jpg,signature logo,10253,Bill
image042088.png,signature logo,1249,Bill
image269076.png,signature logo,1249,Bill
image660185.jpg,signature logo,10253,Bill
image884156.png,signature logo,1249,Bill
image019669.png,signature logo,1249,Bill
image480471.jpg,signature logo,10253,Bill
image047709.jpg,signature logo,10253,Bill
image001.png,signature logo,27401,FW: Mango Tree Time is passing
image388128.jpg,signature logo,10253,FW: Mango Tree Time is passing
image114344.png,signature logo,1249,FW: Mango Tree Time is passing
image001.jpg,signature logo,10253,RE: Re:
image002.png,signature logo,1249,RE: Re:
image003.jpg,signature logo,6337,RE: Re:
image703777.jpg,signature logo,10253,RE: Re:
image323048.png,signature logo,1249,RE: Re:
image001.jpg,signature logo,10253,RE: Re:
image002.png,signature logo,1249,RE: Re:
image907924.jpg,signature logo,10253,RE: Re:
image838319.png,signature logo,1249,RE: Re:
image001.jpg,signature logo,6337,RE: Re:
image002.jpg,signature logo,10253,RE: Re:
image003.png,signature logo,1249,RE: Re:
image505055.jpg,signature logo,10253,RE: Re:
image565100.png,signature logo,1249,RE: Re:
image121728.jpg,signature logo,10253,
image688206.png,signature logo,1249,
image996437.jpg,signature logo,10253,"Re: Invitation: Zoom Call- Greg, Boris & Rakesh @ Mon Oct 10"
image672950.png,signature logo,1249,"Re: Invitation: Zoom Call- Greg, Boris & Rakesh @ Mon Oct 10"
image996437.jpg,signature logo,10253,"Re: Invitation: Zoom Call- Greg, Boris & Rakesh @ Mon Oct 10"
image672950.png,signature logo,1249,"Re: Invitation: Zoom Call- Greg, Boris & Rakesh @ Mon Oct 10"
image213392.jpg,signature logo,10253,"Re: Invitation: Zoom Call- Greg, Boris & Rakesh @ Mon Oct 10"
image936182.png,signature logo,1249,"Re: Invitation: Zoom Call- Greg, Boris & Rakesh @ Mon Oct 10"
image996437.jpg,signature logo,10253,"RE: Invitation: Zoom Call- Greg, Boris & Rakesh @ Mon Oct 10"
image672950.png,signature logo,1249,"RE: Invitation: Zoom Call- Greg, Boris & Rakesh @ Mon Oct 10"
image536678.jpg,signature logo,10253,Re: Zoom call Monday at 9 am
image265873.png,signature logo,1249,Re: Zoom call Monday at 9 am
image536678.jpg,signature logo,10253,Re: Zoom call Monday at 9 am
image265873.png,signature logo,1249,Re: Zoom call Monday at 9 am
image444776.jpg,signature logo,10253,Re: Zoom call Monday at 9 am
image461225.png,signature logo,1249,Re: Zoom call Monday at 9 am
image536678.jpg,signature logo,10253,RE: Zoom call Monday at 9 am
image265873.png,signature logo,1249,RE: Zoom call Monday at 9 am
image001.jpg,signature logo,10253,RE: Greetings
image002.png,signature logo,1249,RE: Greetings
image804718.jpg,signature logo,10253,RE: Greetings
image396190.png,signature logo,1249,RE: Greetings
image002.png,signature logo,1249,RE: Greetings
image001.jpg,signature logo,10253,RE: Greetings
image068086.jpg,signature logo,10253,RE: Greetings
image891030.png,signature logo,1249,RE: Greetings
image284285.jpg,signature logo,10253,RE: Greetings
image536593.png,signature logo,1249,RE: Greetings
image055496.jpg,signature logo,10253,Bill
image055150.png,signature logo,1249,Bill
image648062.jpg,signature logo,10253,Bill
image756294.png,signature logo,1249,Bill
image056628.jpg,signature logo,10253,Bill
image762543.png,signature logo,1249,Bill
image982169.jpg,signature logo,10253,Bill
image238908.png,signature logo,1249,Bill
image579694.jpg,signature logo,10253,Bill
image791599.png,signature logo,1249,Bill
image854703.jpg,signature logo,10253,Bill
image884497.png,signature logo,1249,Bill
image464558.jpg,signature logo,10253,Re: Bill
image830787.png,signature logo,1249,Re: Bill
image464558.jpg,signature logo,10253,Re: Bill
image830787.png,signature logo,1249,Re: Bill
image374388.jpg,signature logo,10253,Re: Bill
image940367.png,signature logo,1249,Re: Bill
image464558.jpg,signature logo,10253,Bill
image830787.png,signature logo,1249,Bill
image621009.jpg,signature logo,10253,Re:
image733904.png,signature logo,1249,Re:
image621009.jpg,signature logo,10253,Re:
image733904.png,signature logo,1249,Re:
image649157.jpg,signature logo,10253,Re:
image551697.png,signature logo,1249,Re:
image001.jpg,signature logo,10253,RE: Are you in office this week
image002.png,signature logo,1249,RE: Are you in office this week
image653681.jpg,signature logo,10253,RE: Are you in office this week
image800400.png,signature logo,1249,RE: Are you in office this week
image310062.png,signature logo,1249,Bill
image038163.jpg,signature logo,10253,Bill
image599644.png,signature logo,1249,RE: Lunch Friday at 1 PM
image017470.jpg,signature logo,10253,RE: Lunch Friday at 1 PM
image403632.png,signature logo,1249,RE: Thanks
image630593.jpg,signature logo,10253,RE: Thanks
image001.jpg,signature logo,11290,RE: FW: Mango/IPA
image890184.jpg,signature logo,10253,RE: FW: Mango/IPA
image161867.png,signature logo,1249,RE: FW: Mango/IPA
image001.jpg,signature logo,11290,FW: Mango/IPA
image886658.png,signature logo,1249,FW: Mango/IPA
image757886.jpg,signature logo,10253,FW: Mango/IPA
image001.jpg,signature logo,11290,FW: Mango/IPA
image723287.jpg,signature logo,10253,FW: Mango/IPA
image854799.png,signature logo,1249,FW: Mango/IPA
image882636.jpg,signature logo,10253,Greetings
image178113.jpg,signature logo,10253,Re: Greetings
image480520.png,signature logo,1249,Greetings
image009370.png,signature logo,1249,Re: Greetings
image665221.jpg,signature logo,10253,Bill
image399174.png,signature logo,1249,Bill
image802958.jpg,signature logo,10253,Re: Call with Chris Thompson
image202147.png,signature logo,1249,Re: Call with Chris Thompson
image202147.png,signature logo,1249,Re: Call with Chris Thompson
image802958.jpg,signature logo,10253,Re: Call with Chris Thompson
image121169.jpg,signature logo,10253,Re: Call with Chris Thompson
image600946.png,signature logo,1249,Re: Call with Chris Thompson
image767204.jpg,signature logo,10253,
image347614.png,signature logo,1249,
image079324.jpg,signature logo,10253,FW: IPA/MangoTree
image429354.png,signature logo,1249,FW: IPA/MangoTree
image471979.jpg,signature logo,10253,RE: Time availability - next steps IPA
image783533.png,signature logo,1249,RE: Time availability - next steps IPA
image001.png,signature logo,40106,FW: IPA/MangoTree
image139471.jpg,signature logo,10253,FW: IPA/MangoTree
image682732.png,signature logo,1249,FW: IPA/MangoTree
image431105.jpg,signature logo,10253,RE: IPA/MangoTree
image833664.png,signature logo,1249,RE: IPA/MangoTree
image860741.jpg,signature logo,10253,FW: IPA/MangoTree
image409878.png,signature logo,1249,FW: IPA/MangoTree
image962826.jpg,signature logo,10253,FW: IPA/MangoTree
image043992.png,signature logo,1249,FW: IPA/MangoTree
image307540.jpg,signature logo,10253,bill
image161328.png,signature logo,1249,bill
image001.png,signature logo,79831,FW: MSEK Outstanding Invoice - MANGO TREE MEDIATION
image169444.jpg,signature logo,10253,Re: Ross Call Summary
image265835.png,signature logo,1249,Re: Ross Call Summary
image978004.jpg,signature logo,10253,Re: Ross Call Summary
image187753.png,signature logo,1249,Re: Ross Call Summary
image726751.jpg,signature logo,10253,Re: Mango/IPA - Schedule C properties status
image961721.png,signature logo,1249,Re: Mango/IPA - Schedule C properties status
image725069.jpg,signature logo,10253,RE: Your conversation with Ed Ross
image464269.png,signature logo,1249,RE: Your conversation with Ed Ross
image661354.jpg,signature logo,10253,Re: Next steps confession of judgement
image283926.png,signature logo,1249,Re: Next steps confession of judgement
image001.jpg,signature logo,10253,RE: Confession of judgement
image002.png,signature logo,1249,RE: Confession of judgement
image754497.png,signature logo,1249,MangoTree - default letter
image693000.jpg,signature logo,10253,MangoTree - default letter
image399349.png,signature logo,1249,Re: 1183G LLC - Notice of sale
image355046.jpg,signature logo,10253,Re: 1183G LLC - Notice of sale
image513036.png,signature logo,1249,RE: Confession of judgement
image215302.jpg,signature logo,10253,RE: Confession of judgement
image001.jpg,signature logo,10253,RE: FW: Notice of Default - MT response - minor edit
image002.png,signature logo,1249,RE: FW: Notice of Default - MT response - minor edit
image001.jpg,signature logo,10253,RE: Notice of Default
image002.png,signature logo,1249,RE: Notice of Default
image061268.jpg,signature logo,10253,Re: MangoTree/IPA
image391522.png,signature logo,1249,Re: MangoTree/IPA
image002.png,signature logo,1249,RE: Mango/IPA
image001.jpg,signature logo,10253,RE: Mango/IPA
image001.jpg,signature logo,10253,RE: Next steps confession of judgement
image002.png,signature logo,1249,RE: Next steps confession of judgement
image942294.jpg,signature logo,10253,RE: Mango/IPA - Schedule C properties status
image714347.png,signature logo,1249,RE: Mango/IPA - Schedule C properties status
image096912.png,signature logo,1249,Re: Mango/IPA - List of IPA assets
image493983.jpg,signature logo,10253,Re: Mango/IPA - List of IPA assets
image409878.png,signature logo,1249,Re: IPA/MangoTree - MT next steps
image860741.jpg,signature logo,10253,Re: IPA/MangoTree - MT next steps
image962826.jpg,signature logo,10253,Re: IPA/MangoTree - MT next steps
image043992.png,signature logo,1249,Re: IPA/MangoTree - MT next steps
image962826.jpg,signature logo,10253,Re: IPA/MangoTree - MT next steps
image043992.png,signature logo,1249,Re: IPA/MangoTree - MT next steps
image860741.jpg,signature logo,10253,Re: IPA/MangoTree - MT next steps
image409878.png,signature logo,1249,Re: IPA/MangoTree - MT next steps
image008625.jpg,signature logo,10253,FW: MangoTree Real Estate Holding
image441070.png,signature logo,1249,FW: MangoTree Real Estate Holding
image001.jpg,signature logo,10253,Re: Notice of Default - MT response
image002.png,signature logo,1249,Re: Notice of Default - MT response
image001.jpg,signature logo,10253,Re: Past due interest of 31 Fort Hill
image002.png,signature logo,1249,Re: Past due interest of 31 Fort Hill
image001.jpg,signature logo,10253,Re: Past due interest of 31 Fort Hill
image002.png,signature logo,1249,Re: Past due interest of 31 Fort Hill
image116373.jpg,signature logo,10253,Re: Mortgage of fort hill
image399185.png,signature logo,1249,Re: Mortgage of fort hill
image116373.jpg,signature logo,10253,Re: Mortgage of fort hill
image399185.png,signature logo,1249,Re: Mortgage of fort hill
image001.jpg,signature logo,10253,RE: Confession of judgement
image002.png,signature logo,1249,RE: Confession of judgement
image001.jpg,signature logo,10253,RE: IPA/MangoTree
image002.png,signature logo,1249,RE: IPA/MangoTree
image513852.jpg,signature logo,10253,Re: Confession of judgement
image312036.png,signature logo,1249,Re: Confession of judgement
image001.jpg,signature logo,10253,Re: Confession of judgement
image002.png,signature logo,1249,Re: Confession of judgement
image015256.jpg,signature logo,10253,Fwd: NYSCEF Alert: Suffolk - Commercial - Contract - <ASSIGN
image451665.png,signature logo,1249,Fwd: NYSCEF Alert: Suffolk - Commercial - Contract - <ASSIGN
image538052.jpg,signature logo,10253,Fwd: NYSCEF Alert: Suffolk - Commercial - Contract - <ASSIGN
image464738.png,signature logo,1249,Fwd: NYSCEF Alert: Suffolk - Commercial - Contract - <ASSIGN
image001.jpg,signature logo,10253,Re: Confession of judgement
image002.png,signature logo,1249,Re: Confession of judgement
image761794.jpg,signature logo,10253,Re: Confession of judgement
image162226.png,signature logo,1249,Re: Confession of judgement
image162226.png,signature logo,1249,Re: Confession of judgement
image761794.jpg,signature logo,10253,Re: Confession of judgement
image002.png,signature logo,1249,Re: Confession of judgement
image001.jpg,signature logo,10253,Re: Confession of judgement
image158785.jpg,signature logo,10253,RE: Confession of judgement
image154778.png,signature logo,1249,RE: Confession of judgement
image028903.png,signature logo,1249,Re: Confession of judgement - update
image491750.jpg,signature logo,10253,Re: Confession of judgement - update
image618915.jpg,signature logo,10253,Re: Confession of judgement - update
image210572.png,signature logo,1249,Re: Confession of judgement - update
image001.jpg,signature logo,10253,RE: IPA/MT - Fort Hill Refi and Forbearance
image002.png,signature logo,1249,RE: IPA/MT - Fort Hill Refi and Forbearance
image560604.jpg,signature logo,10253,First American invoice
image677610.png,signature logo,1249,First American invoice
image598718.jpg,signature logo,10253,Bill
image637194.png,signature logo,1249,Bill
image869880.jpg,signature logo,10253,RE: Research on ownership interest for David
image325432.png,signature logo,1249,RE: Research on ownership interest for David
image001.jpg,signature logo,10253,RE: Bill
image002.png,signature logo,1249,RE: Bill
image534338.png,signature logo,1249,RE: Bill
image908191.jpg,signature logo,10253,RE: Bill
image081223.jpg,signature logo,10253,RE: Research on ownership interest for David
image173015.png,signature logo,1249,RE: Research on ownership interest for David
image333582.jpg,signature logo,10253,RE: David DeRosa information
image498577.png,signature logo,1249,RE: David DeRosa information
image980635.jpg,signature logo,10253,FW: David DeRosa information
image202669.png,signature logo,1249,FW: David DeRosa information
image001.jpg,signature logo,10253,RE: Immediate Action Required - Schedule C Properties Status
image932907.png,signature logo,1249,Re: IPA/MT - Fort Hill Refinance done and Forbearance
image606688.jpg,signature logo,10253,Re: IPA/MT - Fort Hill Refinance done and Forbearance
image461093.png,signature logo,1249,RE: Time to meet Friday
image200333.jpg,signature logo,10253,RE: Time to meet Friday
image002.png,signature logo,1249,RE: Immediate Action Required - Schedule C Properties Status
image001.jpg,signature logo,1047654,RE: New lawsuit
image003.jpg,signature logo,1281037,RE: New lawsuit
image002.jpg,signature logo,1193429,RE: New lawsuit
image004.jpg,signature logo,1287679,RE: New lawsuit
image005.jpg,signature logo,1214525,RE: New lawsuit
image895662.jpg,signature logo,10253,RE: New lawsuit
image805336.png,signature logo,1249,RE: New lawsuit
image006.jpg,signature logo,1161271,RE: New lawsuit
image395830.png,signature logo,1249,RE: Immediate Action Required - Schedule C Properties Status
image322944.jpg,signature logo,10253,RE: Immediate Action Required - Schedule C Properties Status
image947783.jpg,signature logo,10253,RE: Two sold properties
image287240.png,signature logo,1249,RE: Two sold properties
image004.jpg,signature logo,10253,FW: Mango Tree IPA/MT dial -in 8.13.24 at 10:30 AM-Noon
image001.png,signature logo,40072,FW: Mango Tree IPA/MT dial -in 8.13.24 at 10:30 AM-Noon
image005.png,signature logo,1249,FW: Mango Tree IPA/MT dial -in 8.13.24 at 10:30 AM-Noon
image008.jpg,signature logo,1671,FW: Mango Tree IPA/MT dial -in 8.13.24 at 10:30 AM-Noon
image560361.jpg,signature logo,10253,FW: Mango Tree IPA/MT dial -in 8.13.24 at 10:30 AM-Noon
image802475.png,signature logo,1249,FW: Mango Tree IPA/MT dial -in 8.13.24 at 10:30 AM-Noon
image655513.jpg,signature logo,10253,RE: Immediate Action Required - Schedule C Properties Status
image503069.jpg,signature logo,10253,RE: Mango/IPA - Information needed to enforce judgement
image806276.png,signature logo,1249,RE: Immediate Action Required - Schedule C Properties Status
image855102.png,signature logo,1249,RE: Mango/IPA - Information needed to enforce judgement
image001.jpg,signature logo,10253,RE: Mango/IPA - Information needed to enforce judgement
image002.png,signature logo,1249,RE: Mango/IPA - Information needed to enforce judgement
image988114.jpg,signature logo,10253,RE: Mango/IPA - Information needed to enforce judgement
image529764.png,signature logo,1249,RE: Mango/IPA - Information needed to enforce judgement
image138938.jpg,signature logo,10253,RE: Mango/IPA - 31 Fort Hill Details
image433231.png,signature logo,1249,RE: Mango/IPA - 31 Fort Hill Details
image001.jpg,signature logo,10253,RE: Mango/IPA - 31 Fort Hill Details
image002.png,signature logo,1249,RE: Mango/IPA - 31 Fort Hill Details
image369353.jpg,signature logo,10253,RE: Mango/IPA - 31 Fort Hill Details
image498589.png,signature logo,1249,RE: Mango/IPA - 31 Fort Hill Details
image135995.jpg,signature logo,10253,Re: Mango/IPA - 31 Fort Hill Details
image809790.png,signature logo,1249,Re: Mango/IPA - 31 Fort Hill Details
image135995.jpg,signature logo,10253,Re: Mango/IPA - 31 Fort Hill Details
image809790.png,signature logo,1249,Re: Mango/IPA - 31 Fort Hill Details
image135995.jpg,signature logo,10253,Re: Mango/IPA - 31 Fort Hill Details
image809790.png,signature logo,1249,Re: Mango/IPA - 31 Fort Hill Details
image878396.jpg,signature logo,10253,FW:
image603010.png,signature logo,1249,FW:
image166040.jpg,signature logo,10253,FW: IPA/MT
image051864.png,signature logo,1249,FW: IPA/MT
image181233.jpg,signature logo,10253,FW: MSEK Outstanding Invoice - MANGO TREE MEDIATION
image564637.png,signature logo,1249,FW: MSEK Outstanding Invoice - MANGO TREE MEDIATION
image633578.jpg,signature logo,10253,Summary for Call
image236047.png,signature logo,1249,Summary for Call
image759355.jpg,signature logo,10253,RE: Immediate Action Required - Schedule C Properties Status
image195877.png,signature logo,1249,RE: Immediate Action Required - Schedule C Properties Status
image729002.jpg,signature logo,10253,Re: IPA/MT
image206257.png,signature logo,1249,RE: IPA/MT
image137698.png,signature logo,1249,FW: IPA/MT
image729002.jpg,signature logo,10253,FW: IPA/MT
image040078.jpg,signature logo,10253,RE: IPA/MT
image137698.png,signature logo,1249,IPA/MT
image729002.jpg,signature logo,10253,IPA/MT
image137698.png,signature logo,1249,Re: IPA/MT
image064274.jpg,signature logo,10253,IPA/MT
image770583.png,signature logo,1249,IPA/MT
image001.jpg,signature logo,10253,RE: IPA/MT - M&T Bank
image477917.png,signature logo,1249,Re: IPA/MT
image462433.jpg,signature logo,10253,RE: IPA/MT - M&T Bank
image002.png,signature logo,1249,RE: IPA/MT - M&T Bank
image440629.jpg,signature logo,10253,Re: IPA/MT
image582916.png,signature logo,1249,RE: IPA/MT - M&T Bank
image198886.jpg,signature logo,10253,RE: Subject: Clarification Needed on Enforceability of Judgm
image448888.png,signature logo,1249,RE: Subject: Clarification Needed on Enforceability of Judgm
image911674.jpg,signature logo,10253,FW: Mangotree
image408828.png,signature logo,1249,FW: Mangotree
image001.jpg,signature logo,10253,RE: Urgent Action Requested: IPA Properties and Enforcement 
image002.png,signature logo,1249,RE: Urgent Action Requested: IPA Properties and Enforcement 
image911674.jpg,signature logo,10253,Re: Mangotree
image408828.png,signature logo,1249,Re: Mangotree
image911674.jpg,signature logo,10253,Re: Mangotree
image408828.png,signature logo,1249,Re: Mangotree
image311118.jpg,signature logo,10253,"RE: IPL # 80198 - 4 Calverton Ct, Calverton, NY - Case# 5552"
image116868.png,signature logo,1249,"RE: IPL # 80198 - 4 Calverton Ct, Calverton, NY - Case# 5552"
image777298.jpg,signature logo,10253,Bill
image376602.png,signature logo,1249,Bill
image001.jpg,signature logo,10253,RE: Yvonne - confidential
image002.png,signature logo,1249,RE: Yvonne - confidential
image001.jpg,signature logo,10253,FW: Yvonne - confidential
image002.png,signature logo,1249,FW: Yvonne - confidential
image595328.jpg,signature logo,10253,Re: Revised list of all IPA owned properties
image343926.png,signature logo,1249,Re: Revised list of all IPA owned properties
image595328.jpg,signature logo,10253,Re: Revised list of all IPA owned properties
image343926.png,signature logo,1249,Re: Revised list of all IPA owned properties
image767527.jpg,signature logo,10253,LI Investments
image110317.png,signature logo,1249,LI Investments
image001.png,signature logo,18768,FW: extension  RE:  IPA  ETAL
image641510.jpg,signature logo,10253,FW: extension  RE:  IPA  ETAL
image915270.png,signature logo,1249,FW: extension  RE:  IPA  ETAL
image544565.jpg,signature logo,10253,Re: Update for MangoTree partners
image444298.png,signature logo,1249,Re: Update for MangoTree partners
image063969.png,signature logo,1249,Status Update Letter
image409095.jpg,signature logo,10253,Status Update Letter
image620368.jpg,signature logo,10253,FW: Revised list of all IPA owned properties
image305169.png,signature logo,1249,FW: Revised list of all IPA owned properties
image999202.jpg,signature logo,10253,RE: MangoTree- Potential Strategy to Address Bankruptcy
image298787.png,signature logo,1249,RE: MangoTree- Potential Strategy to Address Bankruptcy
image273286.jpg,signature logo,10253,"FW: 4 Calverton Court, Calverton, NY"
image383166.png,signature logo,1249,"FW: 4 Calverton Court, Calverton, NY"
image580421.jpg,signature logo,10253,Fwd: 202.7 Notice Mangotree v. IPA and Mangotree v DeRosa In
image283243.png,signature logo,1249,Fwd: 202.7 Notice Mangotree v. IPA and Mangotree v DeRosa In
image156188.jpg,signature logo,10253,Fwd: NYSCEF Alert: Nassau - Commercial Division - <CHANGE TO
image960555.png,signature logo,1249,Fwd: NYSCEF Notification: Suffolk - Commercial - Contract - 
image508905.jpg,signature logo,10253,Fwd: NYSCEF Notification: Suffolk - Commercial - Contract - 
image616232.jpg,signature logo,10253,Fwd: NYSCEF Notification: Suffolk - Commercial - Contract - 
image693988.jpg,signature logo,10253,Fwd: NYSCEF Notification: Suffolk - Commercial - Contract - 
image356851.png,signature logo,1249,Fwd: NYSCEF Notification: Suffolk - Commercial - Contract - 
image035415.png,signature logo,1249,Fwd: NYSCEF Alert: Nassau - Commercial Division - <CHANGE TO
image204711.png,signature logo,1249,Fwd: NYSCEF Notification: Suffolk - Commercial - Contract - 
image762272.jpg,signature logo,10253,Fwd: NYSCEF Notification: Suffolk - Commercial - Contract - 
image539684.jpg,signature logo,10253,RE: 31 Fort Hill appraisal Oct 2023
image784918.png,signature logo,1249,Fwd: NYSCEF Notification: Suffolk - Commercial - Contract - 
image317183.jpg,signature logo,10253,Bill
image150117.png,signature logo,1249,RE: 31 Fort Hill appraisal Oct 2023
image639631.png,signature logo,1249,Bill
image630590.jpg,signature logo,10253,Re: Request for Approval and Details of Sale Advertisment
image987216.png,signature logo,1249,Re: Request for Approval and Details of Sale Advertisment
image971980.png,signature logo,1249,RE: Request for Approval and Details of Sale Advertisment
image655215.jpg,signature logo,10253,RE: Request for Approval and Details of Sale Advertisment
image001.png,signature logo,3184,FW: Fort Hill/31FO LLC
image934641.jpg,signature logo,10253,FW: Fort Hill/31FO LLC
image515141.png,signature logo,1249,FW: Fort Hill/31FO LLC
image642782.jpg,signature logo,10253,RE: Zoom meeting today 3:30 PM
image927284.png,signature logo,1249,RE: Zoom meeting today 3:30 PM
image233883.png,signature logo,1249,FW: NYSCEF Notification: Suffolk - Commercial - Contract - <
image721961.jpg,signature logo,10253,FW: NYSCEF Notification: Suffolk - Commercial - Contract - <
image290626.jpg,signature logo,10253,FW: NYSCEF Notification: Suffolk - Commercial - Contract - <
image740798.png,signature logo,1249,FW: NYSCEF Notification: Suffolk - Commercial - Contract - <
image383428.jpg,signature logo,10253,RE: Request for Approval and Details of Sale Advertisment
image687156.png,signature logo,1249,RE: Request for Approval and Details of Sale Advertisment
image001.jpg,signature logo,10253,RE: Request for Approval and Details of Sale Advertisment - 
image002.png,signature logo,1249,RE: Request for Approval and Details of Sale Advertisment - 
image982671.jpg,signature logo,10253,RE: Request for Approval and Details of Sale Advertisment
image621341.png,signature logo,1249,RE: Request for Approval and Details of Sale Advertisment
image550577.jpg,signature logo,10253,Bankruptcy Filing
image862029.png,signature logo,1249,Bankruptcy Filing
image820909.jpg,signature logo,10253,FW: MSEK - Mango Tree invoice
image073691.png,signature logo,1249,FW: MSEK - Mango Tree invoice
image383745.jpg,signature logo,10253,RE: Update
image206907.png,signature logo,1249,RE: Update
image001418.jpg,signature logo,10253,Re: Update
image405246.png,signature logo,1249,Re: Update
image701066.jpg,signature logo,10253,"RE: NOTICE OF SERVICE - De Rosa v. TN5161, LLC - 5161 Granny"
image773618.png,signature logo,1249,"RE: NOTICE OF SERVICE - De Rosa v. TN5161, LLC - 5161 Granny"
image001.jpg,signature logo,10253,RE: Update
image002.png,signature logo,1249,RE: Update
image001.jpg,signature logo,10253,Re: Update - Response to bankruptcy petition
image002.png,signature logo,1249,Re: Update - Response to bankruptcy petition
image001.jpg,signature logo,10253,Re: Update - Response to bankruptcy petition
image002.png,signature logo,1249,Re: Update - Response to bankruptcy petition
image958611.jpg,signature logo,10253,FW: 5161 Granny White PIke - Escrow Agreement
image001.png,signature logo,79431,FW: 5161 Granny White PIke - Escrow Agreement
image540885.png,signature logo,1249,Revised Invoice
image570856.jpg,signature logo,10253,Revised Invoice
image078210.png,signature logo,1249,Bill
image619833.jpg,signature logo,10253,Bill
image327026.png,signature logo,1249,FW: 5161 Granny White PIke - Escrow Agreement
image150170.jpg,signature logo,10253,FW: 5161 Granny White PIke - Escrow Agreement
image974410.png,signature logo,1249,FW: 5161 Granny White PIke - Escrow Agreement
image001.png,signature logo,79431,FW: 5161 Granny White PIke - Escrow Agreement
image001.png,signature logo,79431,FW: FW: 5161 Granny White PIke - Escrow Agreement
image002.jpg,signature logo,10253,FW: FW: 5161 Granny White PIke - Escrow Agreement
image003.png,signature logo,1249,FW: FW: 5161 Granny White PIke - Escrow Agreement
image150170.jpg,signature logo,10253,Re: 5161 Granny White PIke - Escrow Agreement
image974410.png,signature logo,1249,Re: 5161 Granny White PIke - Escrow Agreement
image001.png,signature logo,79431,Re: 5161 Granny White PIke - Escrow Agreement
image001.png,signature logo,79431,Re: 5161 Granny White PIke - Escrow Agreement
image001.png,signature logo,79431,Re: 5161 Granny White PIke - Escrow Agreement
image150170.jpg,signature logo,10253,Re: 5161 Granny White PIke - Escrow Agreement
image974410.png,signature logo,1249,Re: 5161 Granny White PIke - Escrow Agreement
image001.png,signature logo,79431,Re: 5161 Granny White PIke - Escrow Agreement
image001.png,signature logo,79431,FW: 5161 Granny White PIke - Escrow Agreement
image002.jpg,signature logo,10253,FW: 5161 Granny White PIke - Escrow Agreement
image003.png,signature logo,1249,FW: 5161 Granny White PIke - Escrow Agreement
image001.png,signature logo,79431,FW: 5161 Granny White PIke - Escrow Agreement
image472358.jpg,signature logo,10253,Nashville
image076091.png,signature logo,1249,Nashville
image260235.jpg,signature logo,10253,RE: Nashville
image976688.png,signature logo,1249,RE: Nashville
image288337.jpg,signature logo,10253,Re: Our lunch
image734523.png,signature logo,1249,Re: Our lunch
image285294.jpg,signature logo,10253,Fwd: Nashville Escrow
image949532.png,signature logo,1249,Fwd: Nashville Escrow
image002.png,signature logo,79431,Re: TN5161 - Motion to Dissolve Lien Lis Pendens
image002.png,signature logo,79431,Re: TN5161 - Motion to Dissolve Lien Lis Pendens
image604619.jpg,signature logo,10253,Re: TN5161 - Motion to Dissolve Lien Lis Pendens
image085111.png,signature logo,1249,Re: TN5161 - Motion to Dissolve Lien Lis Pendens
image676116.jpg,signature logo,10253,RE: Response to bankruptcy petition
image744283.png,signature logo,1249,RE: Response to bankruptcy petition
image150951.jpg,signature logo,10253,RE: Response to bankruptcy petition
image729431.png,signature logo,1249,RE: Response to bankruptcy petition
image349543.jpg,signature logo,10253,Motion to Sever/Relief from Stay
image656159.png,signature logo,1249,Motion to Sever/Relief from Stay
image742715.png,signature logo,3184,Fwd: Nashville Escrow
image285294.jpg,signature logo,10253,Fwd: Nashville Escrow
image949532.png,signature logo,1249,Fwd: Nashville Escrow
image001.png,signature logo,79431,FW: 5161 Granny White PIke - Escrow Agreement
image002.jpg,signature logo,10253,FW: 5161 Granny White PIke - Escrow Agreement
image003.png,signature logo,1249,FW: 5161 Granny White PIke - Escrow Agreement
image001.jpg,signature logo,6337,"RE: Case No. 24-1225-IV: David Derosa v. TN 5161, LLC"
image002.png,signature logo,79431,"RE: Case No. 24-1225-IV: David Derosa v. TN 5161, LLC"
image802440.png,signature logo,1249,"RE: Case No. 24-1225-IV: David Derosa v. TN 5161, LLC"
image309606.jpg,signature logo,10253,"RE: Case No. 24-1225-IV: David Derosa v. TN 5161, LLC"
image856993.jpg,signature logo,10253,Bill
image104001.png,signature logo,1249,Bill
image956529.png,signature logo,1249,Objection to Motion
image171959.jpg,signature logo,10253,Objection to Motion
image002.png,signature logo,1249,RE: Objection to Motion
image001.jpg,signature logo,10253,RE: Objection to Motion
image942557.jpg,signature logo,10253,RE: Objection to Motion
image992866.png,signature logo,1249,RE: Objection to Motion
image278568.jpg,signature logo,10253,Draft Reply
image101020.png,signature logo,1249,Draft Reply
image360190.jpg,signature logo,10253,Re: Sch C properties summary and misc questions
image394078.png,signature logo,1249,Re: Sch C properties summary and misc questions
image861296.jpg,signature logo,10253,FW: MSEK - Mango Tree invoice
image368194.png,signature logo,1249,FW: MSEK - Mango Tree invoice
image650646.png,signature logo,3184,FW: P&L's April 2023-Dec 2024
image089266.jpg,signature logo,10253,FW: P&L's April 2023-Dec 2024
image438964.png,signature logo,1249,FW: P&L's April 2023-Dec 2024
image367706.jpg,signature logo,10253,Bill
image020196.png,signature logo,1249,Bill
image827959.jpg,signature logo,10253,Schedule C documents
image426152.png,signature logo,1249,Schedule C documents
image001.png,signature logo,19091,FW: 38 parkside
image002.jpg,signature logo,1108,FW: 38 parkside
image003.jpg,signature logo,10253,FW: 38 parkside
image004.png,signature logo,1249,FW: 38 parkside
image494839.jpg,signature logo,10253,RE: Proof of claim 31FOllc
image448057.png,signature logo,1249,RE: Proof of claim 31FOllc
image059896.jpg,signature logo,10253,Fwd: 724 Old Post April 2023-Dec 2024.pdf
image814215.png,signature logo,1249,Fwd: 724 Old Post April 2023-Dec 2024.pdf
image852387.png,signature logo,3184,Fwd: 724 Old Post April 2023-Dec 2024.pdf
image395378.jpg,signature logo,10253,Fwd: 20241216065333536.pdf
image635300.png,signature logo,1249,Fwd: 20241216065333536.pdf
image508969.png,signature logo,3184,Fwd: 20241216065333536.pdf
image001.png,signature logo,3184,Fwd: 20241216065333536.pdf
image573867.jpg,signature logo,10253,RE: Bill
image265005.png,signature logo,1249,RE: Bill
image291267.jpg,signature logo,10253,RE: Letter to Partners and Escrow release
image214937.png,signature logo,1249,RE: Letter to Partners and Escrow release
image561986.jpg,signature logo,10253,Re: Nash and David
image728997.png,signature logo,1249,Re: Nash and David
image611031.jpg,signature logo,10253,Re: Nash and David
image822354.png,signature logo,1249,Re: Nash and David
image611031.jpg,signature logo,10253,Re: Nash and David
image822354.png,signature logo,1249,Re: Nash and David
image667722.jpg,signature logo,10253,Re: MangoTree Conference Call
image903193.png,signature logo,1249,Re: MangoTree Conference Call
image095693.jpg,signature logo,10253,Status Update
image728519.png,signature logo,1249,Status Update
image001.jpg,signature logo,10253,RE: Status Update
image002.png,signature logo,1249,RE: Status Update
image726748.jpg,signature logo,10253,Bill
image056080.png,signature logo,1249,Bill
image001.png,signature logo,19091,Re: 4 calverton  wire
image002.jpg,signature logo,1108,Re: 4 calverton  wire
image001.png,signature logo,19091,Re: 4 calverton  wire
image002.jpg,signature logo,1108,Re: 4 calverton  wire
image135750.jpg,signature logo,10253,Re: 4 calverton  wire
image715386.png,signature logo,1249,Re: 4 calverton  wire
image088177.png,signature logo,1249,Fwd: 31FO LLC
image001.png,signature logo,3184,Fwd: 31FO LLC
image110747.jpg,signature logo,10253,Fwd: 31FO LLC
image001.jpg,signature logo,2997,"FW: 132 West 130th Street, NYC - Mangotree"
image002.jpg,signature logo,459,"FW: 132 West 130th Street, NYC - Mangotree"
image003.jpg,signature logo,775,"FW: 132 West 130th Street, NYC - Mangotree"
image004.gif,signature logo,859,"FW: 132 West 130th Street, NYC - Mangotree"
image005.gif,signature logo,1290,"FW: 132 West 130th Street, NYC - Mangotree"
image001.jpg,signature logo,2997,"FW: 132 West 130th Street, NYC - Mangotree"
image002.jpg,signature logo,459,"FW: 132 West 130th Street, NYC - Mangotree"
image003.jpg,signature logo,775,"FW: 132 West 130th Street, NYC - Mangotree"
image004.gif,signature logo,859,"FW: 132 West 130th Street, NYC - Mangotree"
image005.gif,signature logo,1290,"FW: 132 West 130th Street, NYC - Mangotree"
image001.jpg,signature logo,2997,"RE: 132 West 130th Street, NYC - Mangotree"
image002.jpg,signature logo,459,"RE: 132 West 130th Street, NYC - Mangotree"
image003.jpg,signature logo,775,"RE: 132 West 130th Street, NYC - Mangotree"
image004.gif,signature logo,859,"RE: 132 West 130th Street, NYC - Mangotree"
image005.gif,signature logo,1290,"RE: 132 West 130th Street, NYC - Mangotree"
image680247.jpg,signature logo,10253,"RE: 132 West 130th Street, NYC - Mangotree"
image951386.png,signature logo,1249,"RE: 132 West 130th Street, NYC - Mangotree"
image806003.jpg,signature logo,10253,RE: Follow up from last call
image851236.png,signature logo,1249,RE: Follow up from last call
image073011.jpg,signature logo,10253,Re: Update from court date today
image942064.png,signature logo,1249,Re: Update from court date today
image313604.jpg,signature logo,10253,RE: Notes from our call
image757555.png,signature logo,1249,RE: Notes from our call
image054298.jpg,signature logo,10253,Re: Notes from our call
image362238.png,signature logo,1249,Re: Notes from our call
image799227.jpg,signature logo,10253,Term Sheet Mark-up
image986379.png,signature logo,1249,Term Sheet Mark-up
image991590.jpg,signature logo,10253,Proof of Claim
image535800.png,signature logo,1249,Proof of Claim
image182071.jpg,signature logo,10253,RE: Proof of Claim
image033137.png,signature logo,1249,RE: Proof of Claim
image001.jpg,signature logo,10253,RE: Term Sheet Mark-up
image002.png,signature logo,1249,RE: Term Sheet Mark-up
image001.jpg,signature logo,10253,Re: Term Sheet Mark-up
image002.png,signature logo,1249,Re: Term Sheet Mark-up
image001.jpg,signature logo,10253,Re: Term Sheet Mark-up
image002.png,signature logo,1249,Re: Term Sheet Mark-up
image001.jpg,signature logo,10253,Re: Term Sheet Mark-up
image002.png,signature logo,1249,Re: Term Sheet Mark-up
image001.jpg,signature logo,10253,Re: Term Sheet Mark-up
image002.png,signature logo,1249,Re: Term Sheet Mark-up
image001.jpg,signature logo,10253,Re: Term Sheet Mark-up
image002.png,signature logo,1249,Re: Term Sheet Mark-up
image413382.jpg,signature logo,10253,Re: Term Sheet Mark-up
image162138.png,signature logo,1249,Re: Term Sheet Mark-up
image287562.jpg,signature logo,10253,RE: Term Sheet Mark-up
image277939.png,signature logo,1250,Re: Term Sheet Mark-up
image244764.png,signature logo,1249,RE: Term Sheet Mark-up
image864723.jpg,signature logo,10254,Re: Term Sheet Mark-up
image799227.jpg,signature logo,10253,Re: Term Sheet Mark-up - response
image986379.png,signature logo,1249,Re: Term Sheet Mark-up - response
image799227.jpg,signature logo,10253,Re: Term Sheet Mark-up - response
image986379.png,signature logo,1249,Re: Term Sheet Mark-up - response
image345651.jpg,signature logo,10253,RE: Clarification on MangoTree Settlement Buckets and Attach
image536297.png,signature logo,1249,RE: Clarification on MangoTree Settlement Buckets and Attach
image345651.jpg,signature logo,10253,Re: Clarification on MangoTree Settlement Buckets and Attach
image536297.png,signature logo,1249,Re: Clarification on MangoTree Settlement Buckets and Attach
image345651.jpg,signature logo,10253,Re: Clarification on MangoTree Settlement Buckets and Attach
image536297.png,signature logo,1249,Re: Clarification on MangoTree Settlement Buckets and Attach
image613884.jpg,signature logo,10253,31FO LLC
image661117.png,signature logo,1249,31FO LLC
image610616.jpg,signature logo,10253,Bill
image250655.png,signature logo,1249,Bill
image044755.jpg,signature logo,10253,Investor Status Update and Debtor Motion
image035928.png,signature logo,1249,Investor Status Update and Debtor Motion
image607636.jpg,signature logo,10253,RE: Investor Status Update and Debtor Motion
image000898.png,signature logo,1249,RE: Investor Status Update and Debtor Motion
image001.png,signature logo,20008,Re: 64 N 16th st - Review
image001.png,signature logo,20008,RE: 64 N 16th st
image268297.png,signature logo,1249,Re: 64 N 16th st - Review
image268297.png,signature logo,1249,RE: 64 N 16th st
image844014.jpg,signature logo,10253,Re: 64 N 16th st - Review
image844014.jpg,signature logo,10253,RE: 64 N 16th st
image002.png,signature logo,3048,RE: 64 N 16th st
image002.png,signature logo,3048,Re: 64 N 16th st - Review
image844014.jpg,signature logo,10253,Re: 64 N 16th st - Review
image001.png,signature logo,20008,Re: 64 N 16th st - Review
image268297.png,signature logo,1249,Re: 64 N 16th st - Review
image002.png,signature logo,3048,Re: 64 N 16th st - Review
image734884.jpg,signature logo,10253,Fwd: USBC-EDNY eCourt Appearances Hearing Information
image144514.png,signature logo,1249,Fwd: USBC-EDNY eCourt Appearances Hearing Information
image509915.png,signature logo,1249,FW: 8-24-73893-reg Letter
image872615.jpg,signature logo,10253,FW: 8-24-73893-reg Letter
image001.jpg,signature logo,10253,RE: FW: 8-24-73893-reg Letter
image002.png,signature logo,1249,RE: FW: 8-24-73893-reg Letter
image648993.jpg,signature logo,10253,Order on Fort Hill
image686225.png,signature logo,1249,Order on Fort Hill
image001.jpg,signature logo,10253,RE: Order on Fort Hill
image002.png,signature logo,1249,RE: Order on Fort Hill
image235324.jpg,signature logo,10253,RE: Order on Fort Hill
image961567.png,signature logo,1249,RE: Order on Fort Hill
image832226.jpg,signature logo,10253,Bill
image956647.png,signature logo,1249,Bill
image356526.png,signature logo,1249,Investor's Memo
image149659.jpg,signature logo,10253,Investor's Memo
image458032.jpg,signature logo,10253,Fwd: 64 N 16th st
image584940.png,signature logo,1249,Fwd: 64 N 16th st
image001.png,signature logo,20008,Fwd: 64 N 16th st
image002.png,signature logo,3048,Fwd: 64 N 16th st
image975760.jpg,signature logo,10253,Motion for Approval to Appoint Broker
image056966.png,signature logo,1249,Motion for Approval to Appoint Broker
image001.jpg,signature logo,10253,RE: Bill
image002.png,signature logo,1249,RE: Bill
image502506.jpg,signature logo,10253,RE: Bill
image951150.png,signature logo,1249,RE: Bill
image001.png,signature logo,20008,RE: 64 N 16th st
image002.png,signature logo,3048,RE: 64 N 16th st
image003.jpg,signature logo,10253,RE: 64 N 16th st
image004.png,signature logo,1249,RE: 64 N 16th st
image596880.jpg,signature logo,10253,Bill
image250656.png,signature logo,1249,Bill
image546986.jpg,signature logo,10253,FW: Settlement Agreement
image496947.png,signature logo,1249,FW: Settlement Agreement
image001.jpg,signature logo,10253,RE: Subject: Clarification on Allocation of Category C Proce
image002.png,signature logo,1249,RE: Subject: Clarification on Allocation of Category C Proce
image490919.jpg,signature logo,10253,Complaint on Sarah Drive
image005785.png,signature logo,1249,Complaint on Sarah Drive
image802772.jpg,signature logo,10253,RE: Complaint on Sarah Drive
image112138.png,signature logo,1249,RE: Complaint on Sarah Drive
image357743.jpg,signature logo,10253,FW: NYSCEF Notification: Suffolk - Commercial - Contract - <
image848186.png,signature logo,1249,FW: NYSCEF Notification: Suffolk - Commercial - Contract - <
image266656.jpg,signature logo,10253,RE: Seeking update
image284045.png,signature logo,1249,RE: Seeking update
image304066.png,signature logo,1249,Draft Application for Arbitration Award
image257870.jpg,signature logo,10253,Draft Application for Arbitration Award
image180469.png,signature logo,1249,Fwd: Mangotree SOS invoices
image097423.jpg,signature logo,10253,MangoTree/DeRosa
image743669.png,signature logo,1249,MangoTree/DeRosa
image728442.jpg,signature logo,10253,Fwd: Mangotree SOS invoices
image001.png,signature logo,40106,RE: Mango tree
image001.png,signature logo,40106,RE: Mango tree
image166634.jpg,signature logo,10253,RE: Mango tree
image192544.png,signature logo,1249,RE: Mango tree
image305648.png,signature logo,3184,Re: MangoTree/DeRosa
image305648.png,signature logo,3184,Re: MangoTree/DeRosa
image592397.jpg,signature logo,10253,Re: Bar date
image929022.png,signature logo,1249,Re: Bar date
image875070.jpg,signature logo,10253,Re: Accounting
image420402.png,signature logo,1249,Re: Accounting
image378389.jpg,signature logo,10253,Vendor Invoice
image971277.png,signature logo,1249,Vendor Invoice
image001.jpg,signature logo,10253,RE: Vendor Invoice
image002.png,signature logo,1249,RE: Vendor Invoice
image003.png,signature logo,40106,Re: MangoTree/DeRosa
image004.jpg,signature logo,4675,Re: MangoTree/DeRosa
image005.png,signature logo,3184,Re: MangoTree/DeRosa
image003.png,signature logo,40106,Re: MangoTree/DeRosa
image004.jpg,signature logo,4675,Re: MangoTree/DeRosa
image005.png,signature logo,3184,Re: MangoTree/DeRosa
image001.png,signature logo,40106,FW: MangoTree/DeRosa
image002.jpg,signature logo,4675,FW: MangoTree/DeRosa
image003.jpg,signature logo,4675,FW: MangoTree/DeRosa
image004.png,signature logo,3184,FW: MangoTree/DeRosa
image995658.jpg,signature logo,10253,Bill
image993610.png,signature logo,1249,Bill
image696677.jpg,signature logo,10253,RE: Accounting
image925373.png,signature logo,1249,RE: Accounting
image245388.jpg,signature logo,10253,Sarah Drive case
image934033.png,signature logo,1249,Sarah Drive case
image355142.jpg,signature logo,10253,Re: Accounting
image968902.png,signature logo,1249,Re: Accounting
image003.jpg,signature logo,6490,RE: MangoTree/DeRosa
image004.png,signature logo,8618,RE: MangoTree/DeRosa
image005.png,signature logo,7768,RE: MangoTree/DeRosa
image006.png,signature logo,40106,RE: MangoTree/DeRosa
image007.png,signature logo,3184,RE: MangoTree/DeRosa
image001.jpg,signature logo,6490,RE: MangoTree/DeRosa
image002.png,signature logo,8618,RE: MangoTree/DeRosa
image003.png,signature logo,7768,RE: MangoTree/DeRosa
image004.png,signature logo,40106,RE: MangoTree/DeRosa
image005.png,signature logo,3184,RE: MangoTree/DeRosa
image983982.jpg,signature logo,10253,FW: MangoTree/DeRosa
image309368.png,signature logo,1249,FW: MangoTree/DeRosa
image822779.png,signature logo,3184,FW: MangoTree/DeRosa
image022915.jpg,signature logo,10253,FW: MangoTree/DeRosa
image941441.png,signature logo,1249,FW: MangoTree/DeRosa
image001.png,signature logo,3184,FW: Proposal – settlement communication
image656494.jpg,signature logo,10253,FW: Proposal – settlement communication
image785410.jpg,signature logo,10253,FW: Cases with Newburgh Realty re: Flanders Road Property
image375561.png,signature logo,1249,FW: Proposal – settlement communication
image978115.png,signature logo,1249,FW: Cases with Newburgh Realty re: Flanders Road Property
image001.png,signature logo,79831,RE: MangoTree/DeRosa
image005.png,signature logo,3184,RE: MangoTree/DeRosa
image785134.png,signature logo,1249,"Re: IPA ​- Insurance Cancellation with Judgment Enforcement,"
image003.png,signature logo,8618,RE: MangoTree/DeRosa
image004.png,signature logo,7768,RE: MangoTree/DeRosa
image002.jpg,signature logo,6490,RE: MangoTree/DeRosa
image353866.jpg,signature logo,10253,"Re: IPA ​- Insurance Cancellation with Judgment Enforcement,"
image812208.jpg,signature logo,10253,New Attorney
image451294.png,signature logo,1249,New Attorney
image001.jpg,signature logo,10253,RE: New Attorney
image002.png,signature logo,1249,RE: New Attorney
image621166.jpg,signature logo,10253,FW: Suffolk County Sheriff File #: RP-24008701-Judgment Exec
image136369.png,signature logo,1249,FW: Suffolk County Sheriff File #: RP-24008701-Judgment Exec
image001.png,signature logo,79831,FW: MSEK - Mango Tree Invoice
image274975.png,signature logo,1249,FW: MSEK - Mango Tree Invoice
image392508.jpg,signature logo,10253,FW: MSEK - Mango Tree Invoice
image001.jpg,signature logo,3428,FW: 31FO LLC Case No.  24-73893
image194709.jpg,signature logo,10253,FW: 31FO LLC Case No.  24-73893
image633697.png,signature logo,1249,FW: 31FO LLC Case No.  24-73893
image001.jpg,signature logo,3428,Re: 31FO LLC Case No. 24-73893 -MT - Concerns Regarding Moti
image194709.jpg,signature logo,10253,Re: 31FO LLC Case No. 24-73893 -MT - Concerns Regarding Moti
image633697.png,signature logo,1249,Re: 31FO LLC Case No. 24-73893 -MT - Concerns Regarding Moti
image194709.jpg,signature logo,10253,Re: 31FO LLC Case No. 24-73893 -MT - Concerns Regarding Moti
image633697.png,signature logo,1249,Re: 31FO LLC Case No. 24-73893 -MT - Concerns Regarding Moti
image001.jpg,signature logo,3428,Re: 31FO LLC Case No. 24-73893 -MT - Concerns Regarding Moti
image001.png,signature logo,40106,Re: Mango Tree v. DeRosa
image002.jpg,signature logo,6490,Re: Mango Tree v. DeRosa
image003.png,signature logo,8618,Re: Mango Tree v. DeRosa
image004.png,signature logo,7768,Re: Mango Tree v. DeRosa
image005.jpg,signature logo,10253,Re: Mango Tree v. DeRosa
image006.png,signature logo,1249,Re: Mango Tree v. DeRosa
image591192.jpg,signature logo,10253,Draft Objection
image955949.png,signature logo,1249,Draft Objection
image002.png,signature logo,20974,FW: MSEK - Mango Tree Invoice
image003.png,signature logo,20966,FW: MSEK - Mango Tree Invoice
image682428.jpg,signature logo,10253,FW: MSEK - Mango Tree Invoice
image622597.png,signature logo,1249,FW: MSEK - Mango Tree Invoice
image796868.jpg,signature logo,10253,"Fwd: 617568/2024 MANGOTREE REAL ESTATE HOLDINGS, L.P. et al "
image163411.png,signature logo,1249,"Fwd: 617568/2024 MANGOTREE REAL ESTATE HOLDINGS, L.P. et al "
image915155.jpg,signature logo,10253,Fwd: RP-240087150
image475894.png,signature logo,1249,Fwd: RP-240087150
image001.png,signature logo,3184,Fwd: RP-240087150
image815683.jpg,signature logo,10253,"Fwd: [External] RE: MangoTree Real Estate Holdings, L.P. Et "
image587113.png,signature logo,1249,"Fwd: [External] RE: MangoTree Real Estate Holdings, L.P. Et "
image002.png,signature logo,18768,"Fwd: [External] RE: MangoTree Real Estate Holdings, L.P. Et "
image003.jpg,signature logo,3428,"Fwd: [External] RE: MangoTree Real Estate Holdings, L.P. Et "
image023961.jpg,signature logo,10253,Fwd: 8-24-73893-reg Notice of Entry
image913100.png,signature logo,1249,Fwd: 8-24-73893-reg Notice of Entry
image787037.jpg,signature logo,10253,Fwd: 8-24-73893-reg Notice of Entry
image652343.png,signature logo,1249,Fwd: 8-24-73893-reg Notice of Entry
image922284.jpg,signature logo,10253,Fwd: 8-24-73893-reg Notice of Entry
image798078.png,signature logo,1249,Fwd: 8-24-73893-reg Notice of Entry
image110718.jpg,signature logo,10253,Fwd: NYSCEF Notification: Suffolk - Commercial - Contract - 
image747208.png,signature logo,1249,Fwd: NYSCEF Notification: Suffolk - Commercial - Contract - 
image001.jpg,signature logo,6490,RE: Mango Tree v. DeRosa - expense reconciliation
image002.png,signature logo,8618,RE: Mango Tree v. DeRosa - expense reconciliation
image003.png,signature logo,7768,RE: Mango Tree v. DeRosa - expense reconciliation
image004.png,signature logo,40106,RE: Mango Tree v. DeRosa - expense reconciliation
image006.png,signature logo,1249,RE: Mango Tree v. DeRosa - expense reconciliation
image005.jpg,signature logo,10253,RE: Mango Tree v. DeRosa - expense reconciliation
image002.jpg,signature logo,4675,FW: 605520/2020 IPA Asset Management LLC v. Brian Schuman et
image983263.jpg,signature logo,10253,FW: 605520/2020 IPA Asset Management LLC v. Brian Schuman et
image116289.png,signature logo,1249,FW: 605520/2020 IPA Asset Management LLC v. Brian Schuman et
image775785.jpg,signature logo,10253,Nash Settlement Proposal
image231229.png,signature logo,1249,Nash Settlement Proposal
image001.png,signature logo,40106,Re: Mango Tree v. DeRosa - expense reconciliation - Updated
image002.jpg,signature logo,6490,Re: Mango Tree v. DeRosa - expense reconciliation - Updated
image003.png,signature logo,8618,Re: Mango Tree v. DeRosa - expense reconciliation - Updated
image004.png,signature logo,7768,Re: Mango Tree v. DeRosa - expense reconciliation - Updated
image005.jpg,signature logo,10253,Re: Mango Tree v. DeRosa - expense reconciliation - Updated
image006.png,signature logo,1249,Re: Mango Tree v. DeRosa - expense reconciliation - Updated
image001.png,signature logo,40106,Re: Mango Tree v. DeRosa - expense reconciliation - Updated
image002.jpg,signature logo,6490,Re: Mango Tree v. DeRosa - expense reconciliation - Updated
image003.png,signature logo,8618,Re: Mango Tree v. DeRosa - expense reconciliation - Updated
image004.png,signature logo,7768,Re: Mango Tree v. DeRosa - expense reconciliation - Updated
image001.png,signature logo,40106,Re: Mango Tree v. DeRosa - expense reconciliation - Updated
image005.jpg,signature logo,10253,Re: Mango Tree v. DeRosa - expense reconciliation - Updated
image006.png,signature logo,1249,Re: Mango Tree v. DeRosa - expense reconciliation - Updated
image001.png,signature logo,40106,Re: Mango Tree v. DeRosa - expense reconciliation - Updated
image002.jpg,signature logo,6490,Re: IPA Expense Ledgers and Escrow Release Calculations
image001.png,signature logo,40106,Re: IPA Expense Ledgers and Escrow Release Calculations
image003.png,signature logo,8618,Re: IPA Expense Ledgers and Escrow Release Calculations
image004.png,signature logo,7768,Re: IPA Expense Ledgers and Escrow Release Calculations
image005.jpg,signature logo,10253,Re: IPA Expense Ledgers and Escrow Release Calculations
image006.png,signature logo,1249,Re: IPA Expense Ledgers and Escrow Release Calculations
image005.jpg,signature logo,10253,RE: IPA Expense Ledgers and Escrow Release Calculations
image010.png,signature logo,40106,RE: IPA Expense Ledgers and Escrow Release Calculations
image007.jpg,signature logo,6490,RE: IPA Expense Ledgers and Escrow Release Calculations
image008.png,signature logo,8618,RE: IPA Expense Ledgers and Escrow Release Calculations
image006.png,signature logo,1249,RE: IPA Expense Ledgers and Escrow Release Calculations
image009.png,signature logo,7768,RE: IPA Expense Ledgers and Escrow Release Calculations
image002.jpg,signature logo,6490,RE: Mango Tree v. DeRosa
image003.png,signature logo,8618,RE: Mango Tree v. DeRosa
image004.png,signature logo,7768,RE: Mango Tree v. DeRosa
image008.jpg,signature logo,10253,RE: Mango Tree v. DeRosa
image007.png,signature logo,40106,RE: Mango Tree v. DeRosa
image009.png,signature logo,1249,RE: Mango Tree v. DeRosa
image947860.jpg,signature logo,10253,RE: Is this the word you were looking for when you called?
image792894.png,signature logo,1249,RE: Is this the word you were looking for when you called?
image944046.jpg,signature logo,10253,38 Parkside IPA expense ledger and MangoTree calculation
image536846.png,signature logo,1249,38 Parkside IPA expense ledger and MangoTree calculation
image194751.jpg,signature logo,10253,4 Calverton IPA expense ledger and MangoTree calculation
image841923.png,signature logo,1249,4 Calverton IPA expense ledger and MangoTree calculation
image246968.jpg,signature logo,10253,64 N 16th St IPA expense ledger and MangoTree requests
image774758.png,signature logo,1249,64 N 16th St IPA expense ledger and MangoTree requests
image113080.jpg,signature logo,10253,5161 Granny IPA expense ledger and MangoTree requests
image730120.png,signature logo,1249,5161 Granny IPA expense ledger and MangoTree requests
image944046.jpg,signature logo,10253,Re: 38 Parkside IPA expense ledger and MangoTree calculation
image536846.png,signature logo,1249,Re: 38 Parkside IPA expense ledger and MangoTree calculation
image437258.jpg,signature logo,10253,Motion to Dismiss
image180327.png,signature logo,1249,Motion to Dismiss
image113130.jpg,signature logo,10253,Reply papers
image306759.png,signature logo,1249,Reply papers
image001.jpg,signature logo,10253,RE: Reply papers
image002.png,signature logo,1249,RE: Reply papers
image001.jpg,signature logo,6490,Re: 38 Parkside IPA expense ledger and MangoTree calculation
image003.png,signature logo,7768,Re: 38 Parkside IPA expense ledger and MangoTree calculation
image002.png,signature logo,8618,Re: 38 Parkside IPA expense ledger and MangoTree calculation
image004.jpg,signature logo,10253,Re: 38 Parkside IPA expense ledger and MangoTree calculation
image005.png,signature logo,1249,Re: 38 Parkside IPA expense ledger and MangoTree calculation
image437258.jpg,signature logo,10253,Re: Motion to Dismiss
image180327.png,signature logo,1249,Re: Motion to Dismiss
image437258.jpg,signature logo,10253,Re: Motion to Dismiss
image180327.png,signature logo,1249,Re: Motion to Dismiss
image504658.jpg,signature logo,10253,Fwd:
image234739.png,signature logo,1249,Fwd:
image872284.png,signature logo,3184,Fwd:
image492875.jpg,signature logo,10253,"RE: Interest Calculations, Legal Fees & Wednesday Meeting wi"
image812017.png,signature logo,1249,"RE: Interest Calculations, Legal Fees & Wednesday Meeting wi"
image793045.jpg,signature logo,10253,RE: Monday
image690487.png,signature logo,1249,RE: Monday
image001.jpg,signature logo,10253,RE: Monday
image002.png,signature logo,1249,RE: Monday
image001.jpg,signature logo,10253,RE: Monday
image002.png,signature logo,1249,RE: Monday
image960164.png,signature logo,1249,RE: Monday
image358641.jpg,signature logo,10253,Invoice
image925416.jpg,signature logo,10253,RE: Monday
image288297.png,signature logo,1249,Invoice
image127542.jpg,signature logo,10253,FW: Invoices
image707286.png,signature logo,1249,FW: Invoices
image763348.jpg,signature logo,10253,"RE: Draft Partner Update – July 14, 2025 - please review and"
image374310.png,signature logo,1249,"RE: Draft Partner Update – July 14, 2025 - please review and"
image242803.jpg,signature logo,10253,RE: Fort Hill | Request for Update & Follow-Up on Key Items
image547131.png,signature logo,1249,RE: Fort Hill | Request for Update & Follow-Up on Key Items
image001.jpg,signature logo,10253,Re: Fort Hill | Request for Update & Follow-Up on Key Items
image002.png,signature logo,1249,Re: Fort Hill | Request for Update & Follow-Up on Key Items
image257209.jpg,signature logo,10253,Re: Fort Hill | Request for Update & Follow-Up on Key Items
image548105.png,signature logo,1249,Re: Fort Hill | Request for Update & Follow-Up on Key Items
image001.jpg,signature logo,10253,"RE: Follow-Up on Stipulation, Buyer Details & Backup Strateg"
image002.png,signature logo,1249,"RE: Follow-Up on Stipulation, Buyer Details & Backup Strateg"
image052844.jpg,signature logo,10253,"RE: Follow-Up on Stipulation, Buyer Details & Backup Strateg"
image574251.png,signature logo,1249,"RE: Follow-Up on Stipulation, Buyer Details & Backup Strateg"
image002.png,signature logo,1249,"RE: Follow-Up on Stipulation, Buyer Details & Backup Strateg"
image001.jpg,signature logo,10253,"RE: Follow-Up on Stipulation, Buyer Details & Backup Strateg"
image653633.jpg,signature logo,10253,"RE: Follow-Up on Stipulation, Buyer Details & Backup Strateg"
image764089.png,signature logo,1249,"RE: Follow-Up on Stipulation, Buyer Details & Backup Strateg"
image227977.png,signature logo,1249,RE: Mangotree call
image046988.jpg,signature logo,10253,RE: Mangotree call
image004694.png,signature logo,1249,RE: Mangotree call
image950316.jpg,signature logo,10253,RE: Mangotree call
image405963.jpg,signature logo,10253,Re: Mangotree call
image459333.png,signature logo,1249,Re: Mangotree call
image630045.jpg,signature logo,10253,FW: MSEK - Mango Tree Invoice
image001.png,signature logo,20973,FW: MSEK - Mango Tree Invoice
image328047.png,signature logo,1249,FW: MSEK - Mango Tree Invoice
image037117.jpg,signature logo,10253,Bill
image898292.png,signature logo,1249,Bill
image001.jpg,signature logo,10253,RE: Next Steps for Stipulation — Safeguards and Immediate Ac
image002.png,signature logo,1249,RE: Next Steps for Stipulation — Safeguards and Immediate Ac
image001.jpg,signature logo,10253,Re: Next Steps for Stipulation — Safeguards and Immediate Ac
image002.png,signature logo,1249,Re: Next Steps for Stipulation — Safeguards and Immediate Ac
image001.jpg,signature logo,10253,Re: Next Steps for Stipulation — Safeguards and Immediate Ac
image002.png,signature logo,1249,Re: Next Steps for Stipulation — Safeguards and Immediate Ac
image001.jpg,signature logo,823,RE: Next Steps for Stipulation — Safeguards and Immediate Ac
image559869.jpg,signature logo,10253,RE: Escrow Funds – Strategic Reminder
image590109.png,signature logo,1249,RE: Escrow Funds – Strategic Reminder
image001.png,signature logo,79831,FW: MSEK - Mango Tree Invoice
image540551.jpg,signature logo,10253,FW: MSEK - Mango Tree Invoice
image527239.png,signature logo,1249,FW: MSEK - Mango Tree Invoice
image674876.jpg,signature logo,10253,NDA
image904378.png,signature logo,1249,NDA
image261211.jpg,signature logo,10253,Re: Update
image432054.png,signature logo,1249,Re: Update
image646905.jpg,signature logo,10253,Contract of Sale
image811102.png,signature logo,1249,Contract of Sale
image001.jpg,signature logo,10253,RE: Lawsuit Documents Received
image002.png,signature logo,1249,RE: Lawsuit Documents Received
image001.jpg,signature logo,10253,RE: 8-24-73893-spg Administrative Order to Reassign Bankrupt
image002.png,signature logo,1249,RE: 8-24-73893-spg Administrative Order to Reassign Bankrupt
image981660.jpg,signature logo,10253,RE: 8-24-73893-spg Administrative Order to Reassign Bankrupt
image548342.png,signature logo,1249,RE: 8-24-73893-spg Administrative Order to Reassign Bankrupt
image001.jpg,signature logo,10253,Re: Fort Hill Sale – Collection of Default Interest & Legal 
image002.png,signature logo,1249,Re: Fort Hill Sale – Collection of Default Interest & Legal 
image001.jpg,signature logo,10253,Re: Fort Hill Sale – Collection of Default Interest & Legal 
image002.png,signature logo,1249,Re: Fort Hill Sale – Collection of Default Interest & Legal 
image284280.jpg,signature logo,10253,FW: Motion to Approve Sale
image451331.png,signature logo,1249,FW: Motion to Approve Sale
image816971.png,signature logo,3184,FW: Motion to Approve Sale
image502909.png,signature logo,1249,bill
image537010.jpg,signature logo,10253,IP&E Holdings/MangoTree
image093246.jpg,signature logo,10253,bill
image358229.png,signature logo,1249,IP&E Holdings/MangoTree
image001.jpg,signature logo,10253,RE: IP&E Holdings/MangoTree
image002.png,signature logo,1249,RE: IP&E Holdings/MangoTree
image706064.jpg,signature logo,10253,FW: IP&E Holdings v. MangoTree/Opportunity Zone
image624443.png,signature logo,1249,FW: IP&E Holdings v. MangoTree/Opportunity Zone
image267306.jpg,signature logo,10253,31FO
image813804.png,signature logo,1249,31FO
image001.jpg,signature logo,10253,RE: 31FO - ​Sale Motion – Strategy and Key Points for Oct 9 
image002.png,signature logo,1249,RE: 31FO - ​Sale Motion – Strategy and Key Points for Oct 9 
image087827.jpg,signature logo,10253,RE: Calculation error
image964076.png,signature logo,1249,RE: Calculation error
image338419.jpg,signature logo,10253,Objection
image355411.png,signature logo,1249,Objection
image001.jpg,signature logo,10253,RE: Objection
image002.png,signature logo,1249,RE: Objection
image446708.jpg,signature logo,10253,Bill
image018956.png,signature logo,1249,Bill
image001.jpg,signature logo,10253,RE: FW: 8-24-73893-spg Affidavit in Support
image002.png,signature logo,1249,RE: FW: 8-24-73893-spg Affidavit in Support
image961521.png,signature logo,1249,Proposed Order
image223358.jpg,signature logo,10253,Proposed Order
image001.jpg,signature logo,10253,RE: Investors Status Update
image002.png,signature logo,1249,RE: Investors Status Update
image001.jpg,signature logo,10253,RE: Investors Status Update
image002.png,signature logo,1249,RE: Investors Status Update
image694067.jpg,signature logo,10253,NDA
image508166.png,signature logo,1249,NDA
image001.jpg,signature logo,10253,RE: NDA
image002.png,signature logo,1249,RE: NDA
image002.png,signature logo,1249,RE: 31 FO LLC
image956943.png,signature logo,1249,FW: 31 FO LLC
image001.jpg,signature logo,10253,RE: 31 FO LLC
image175405.jpg,signature logo,10253,FW: 31 FO LLC
image003.png,signature logo,3184,FW: 31 FO LLC
image003.png,signature logo,3184,RE: 31 FO LLC
image061120.jpg,signature logo,10253,Letter to Court
image805970.png,signature logo,1249,Letter to Court
image701364.jpg,signature logo,10253,Re: The buyer from Oklahama
image043099.png,signature logo,1249,Re: The buyer from Oklahama
image132651.jpg,signature logo,10253,Registration for tomorrow's call
image501942.png,signature logo,1249,Registration for tomorrow's call
image001.jpg,signature logo,10253,RE: 31FO
image002.png,signature logo,1249,RE: 31FO
image003.png,signature logo,3184,RE: 31FO
image001.png,signature logo,3184,31FO
image071211.jpg,signature logo,10253,31FO
image281524.png,signature logo,1249,31FO
image326524.jpg,signature logo,10253,Bill
image918218.png,signature logo,1249,Bill
image001.png,signature logo,3184,RE: FW: Re:
image002.jpg,signature logo,10253,RE: FW: Re:
image003.png,signature logo,1249,RE: FW: Re:
image001.png,signature logo,3184,RE: FW: Re:
image002.jpg,signature logo,10253,RE: FW: Re:
image003.png,signature logo,1249,RE: FW: Re:
image001.jpg,signature logo,823,RE: FW: Re:
image002.png,signature logo,3184,RE: FW: Re:
image003.jpg,signature logo,10253,RE: FW: Re:
image004.png,signature logo,1249,RE: FW: Re:
image001.png,signature logo,3048,FW: Fw:
image683231.png,signature logo,3184,FW: Fw:
image069432.jpg,signature logo,10253,FW: Fw:
image489959.png,signature logo,1249,FW: Fw:
image001.jpg,signature logo,10253,RE: Fw:
image002.png,signature logo,1249,RE: Fw:
image003.png,signature logo,3184,RE: Fw:
image004.png,signature logo,3048,RE: Fw:
image272867.jpg,signature logo,10253,Marie Tooker Letter
image407851.png,signature logo,1249,Marie Tooker Letter
winmail.dat,winmail.dat — contents already stored (redundant),3538026,"FW: Message from ""RNP2BD93A"""
winmail.dat,winmail.dat — contents already stored (redundant),2603938,"FW: 66 Chanel Dr E, Shirley"
winmail.dat,winmail.dat — contents already stored (redundant),23022,FW: Response Australia Fund
winmail.dat,winmail.dat — contents already stored (redundant),33636,3 Forest purchase
winmail.dat,winmail.dat — contents already stored (redundant),21639,FW:
winmail.dat,winmail.dat — contents already stored (redundant),63174,W9 BayCarpet
winmail.dat,winmail.dat — contents already stored (redundant),48893,FW: Golden Rock W9
winmail.dat,winmail.dat — contents already stored (redundant),39653,Package of 20 Properties Settlement Sheet   MT.xls
winmail.dat,winmail.dat — contents already stored (redundant),39048,Group Mortgage Purchase Settlement Sheet
winmail.dat,winmail.dat — contents already stored (redundant),917630,Fwd: IP-001-a.pdf
winmail.dat,winmail.dat — contents already stored (redundant),40669,2347 7th St E Meadow Settlement Sheet   MT.xls
winmail.dat,winmail.dat — contents already stored (redundant),103425,"IPL # 95589 - 625 Derby Dr East, Oceanside, NY"
winmail.dat,winmail.dat — contents already stored (redundant),41157,FW: Package of 20 Properties Settlement Sheet   MT.xls
winmail.dat,winmail.dat — contents already stored (redundant),40537,FW: 34 Property Package Settlement Sheet #4   MT.xls
winmail.dat,winmail.dat — contents already stored (redundant),38933,34 Property Package Settlement Sheet #4   MT.xls
ATT00001.htm,empty forwarded-body HTML stub,168,"FW: 47 Wilson Road, Middle Island NY"
part.text.calendar,inline graphic / calendar / signature,1129,"New Time Proposed: Invitation: Meet David DeRosa, Jerry Allo"
ATT00001.htm,empty forwarded-body HTML stub,577,FW: Freeport
ATT00001.htm,empty forwarded-body HTML stub,282,Fwd: Invoice
image001.emz,signature logo,122350,Expressing my gratitude
oledata.mso,inline graphic / calendar / signature,441475,Expressing my gratitude
ATT00001.htm,empty forwarded-body HTML stub,178,FW: hotel schemes for p-z meeting
winmail.dat,winmail.dat — contents already stored (redundant),142519,FW: Opportunity Zone wire request
winmail.dat,winmail.dat — contents already stored (redundant),94510,FW: Opportunity Zone wire request
winmail.dat,winmail.dat — contents already stored (redundant),92742,Opportunity Zone wire request
winmail.dat,winmail.dat — contents already stored (redundant),6582749,Opportunity Zone Tax bills due 2/29/20
winmail.dat,winmail.dat — contents already stored (redundant),959638,Check requests
winmail.dat,winmail.dat — contents already stored (redundant),952118,5161 Granny White Pike tax bill due 2/29/20
part.text.calendar,inline graphic / calendar / signature,1664,MangoTree
ATT00001.htm,empty forwarded-body HTML stub,178,"Fwd: UPDATED  REQUEST      FW: 31 Pineview Blvd, Central Isl"
ATT00001.htm,empty forwarded-body HTML stub,216,FW: PROPOSAL
ATT00002.htm,empty forwarded-body HTML stub,168,FW: PROPOSAL
